DEPCAN;CAN;NBCOM;PMUN;PTOT
0101;Ambérieu-en-Bugey;18;30026;30794
0102;Attignat;18;24684;25200
0103;Bellegarde-sur-Valserine;12;21850;22351
0104;Belley;33;24585;25363
0105;Bourg-en-Bresse-1;2;35386;36643
0106;Bourg-en-Bresse-2;4;25685;26829
0107;Ceyzériat;22;25765;26358
0108;Châtillon-sur-Chalaronne;26;30043;30793
0109;Gex;7;32120;32849
0110;Hauteville-Lompnes;28;22051;22615
0111;Lagnieu;26;33702;34377
0112;Meximieux;15;33110;33606
0113;Miribel;8;28687;29128
0114;Nantua;17;21458;22245
0115;Oyonnax;2;25794;26402
0116;Pont-d'Ain;24;21969;22469
0117;Replonges;31;30994;31633
0118;Saint-Étienne-du-Bois;26;22362;22855
0119;Saint-Genis-Pouilly;4;34953;35659
0120;Thoiry;16;27997;28667
0121;Trévoux;12;33086;34073
0122;Villars-les-Dombes;25;33050;33733
0123;Vonnas;19;23993;24538
0201;Bohain-en-Vermandois;31;22107;22495
0202;Château-Thierry;21;27733;28381
0203;Chauny;21;24309;25010
0204;Essômes-sur-Marne;47;29181;29827
0205;Fère-en-Tardenois;78;27749;28232
0206;Guignicourt;76;26407;26950
0207;Guise;45;23540;23974
0208;Hirson;26;21271;21673
0209;Laon-1;27;25210;25691
0210;Laon-2;25;25659;26363
0211;Marle;65;19833;20297
0212;Ribemont;52;26589;27023
0213;Saint-Quentin-1;25;29154;29804
0214;Saint-Quentin-2;11;22718;23474
0215;Saint-Quentin-3;9;27586;28088
0216;Soissons-1;15;23056;23445
0217;Soissons-2;14;29272;29930
0218;Tergnier;24;29386;29913
0219;Vervins;66;21562;22260
0220;Vic-sur-Aisne;50;21356;21868
0221;Villers-Cotterêts;76;30812;31829
0301;Bellerive-sur-Allier;11;18853;19419
0302;Bourbon-l'Archambault;28;16679;17124
0303;Commentry;24;18424;18945
0304;Cusset;4;17319;17931
0305;Dompierre-sur-Besbre;32;20466;20949
0306;Gannat;41;19821;20305
0307;Huriel;29;16037;16351
0308;Lapalisse;31;18123;18656
0309;Montluçon-1;4;15787;16073
0310;Montluçon-2;2;16361;16912
0311;Montluçon-3;15;18800;19437
0312;Montluçon-4;7;16372;16780
0313;Moulins-1;7;18037;18841
0314;Moulins-2;23;19062;19506
0315;Saint-Pourçain-sur-Sioule;22;19299;19702
0316;Souvigny;29;15052;15380
0317;Vichy-1;4;18296;18590
0318;Vichy-2;3;17707;17987
0319;Yzeure;6;17493;18147
0401;Barcelonnette;14;7864;8207
0402;Castellane;32;9804;10008
0403;Château-Arnoux-Saint-Auban;8;12560;12828
0404;Digne-les-Bains-1;7;11913;12497
0405;Digne-les-Bains-2;7;12202;12645
0406;Forcalquier;15;11281;11490
0407;Manosque-1;3;11894;12124
0408;Manosque-2;3;10225;10508
0409;Manosque-3;3;12117;12573
0410;Oraison;3;13813;14004
0411;Reillanne;21;10844;11042
0412;Riez;26;9415;9686
0413;Seyne;34;8394;8570
0414;Sisteron;15;12889;13314
0415;Valensole;10;8700;8885
0501;L' Argentière-la-Bessée;8;6663;6877
0502;Briançon-1;10;8996;9274
0503;Briançon-2;4;11177;11497
0504;Chorges;17;10779;11027
0505;Embrun;8;10897;11420
0506;Gap-1;1;10336;10647
0507;Gap-2;1;10696;11285
0508;Gap-3;1;10111;10390
0509;Gap-4;1;9752;10165
0510;Guillestre;15;8062;8250
0511;Laragne-Montéglin;11;7801;7981
0512;Saint-Bonnet-en-Champsaur;25;11083;11449
0513;Serres;37;7558;7725
0514;Tallard;19;10493;10770
0515;Veynes;8;6880;7126
0601;Antibes-1;2;37743;38028
0602;Antibes-2;1;30632;30907
0603;Antibes-3;2;35310;36126
0604;Beausoleil;7;33882;34288
0605;Cagnes-sur-Mer-1;1;42593;42953
0606;Cagnes-sur-Mer-2;3;43411;43827
0607;Cannes-1;2;46690;47159
0608;Cannes-2;1;41275;41793
0609;Le Cannet;2;46847;47463
0610;Contes;20;36676;37129
0611;Grasse-1;19;44888;45725
0612;Grasse-2;2;40095;41010
0613;Mandelieu-la-Napoule;5;40476;40998
0614;Menton;6;45941;46685
0615;Nice-1;1;42912;43309
0616;Nice-2;1;47386;47782
0617;Nice-3;4;41126;41553
0618;Nice-4;1;42419;42826
0619;Nice-5;1;46147;46473
0620;Nice-6;1;41841;42427
0621;Nice-7;3;38908;39131
0622;Nice-8;1;38769;38954
0623;Nice-9;1;33843;34149
0624;Tourrette-Levens;28;35667;36549
0625;Valbonne;12;37467;38713
0626;Vence;47;37048;37632
0627;Villeneuve-Loubet;4;33318;33907
0701;Annonay-1;7;19859;20550
0702;Annonay-2;10;16498;16929
0703;Aubenas-1;15;17423;18056
0704;Aubenas-2;15;20728;21566
0712;Berg-Helvie;19;21284;21859
0705;Bourg-Saint-Andéol;9;18895;19300
0716;Les Cévennes Ardéchoises;35;18545;18956
0707;Guilherand-Granges;5;22007;22561
0706;Haut-Eyrieux;44;18029;18611
0708;Haut-Vivarais;31;21431;21874
0713;Haute-Ardèche;40;13986;14286
0709;Le Pouzin;13;16563;16899
0710;Privas;15;20399;21176
0717;Rhône-Eyrieux;17;22502;22942
0711;Sarras;19;15993;16331
0714;Tournon-sur-Rhône;13;20745;21494
0715;Vallon-Pont-d'Arc;30;20825;21298
0801;Attigny;80;12475;12814
0802;Bogny-sur-Meuse;12;15366;15679
0803;Carignan;38;16338;16636
0804;Charleville-Mézières-1;8;15072;15363
0805;Charleville-Mézières-2;6;16421;16749
0806;Charleville-Mézières-3;2;15858;16500
0807;Charleville-Mézières-4;2;14834;15071
0808;Château-Porcien;47;15785;16068
0809;Givet;12;14466;14811
0810;Nouvion-sur-Meuse;32;13997;14325
0811;Rethel;18;14168;14553
0812;Revin;7;12651;12919
0813;Rocroi;33;15600;15925
0814;Sedan-1;10;13662;13934
0815;Sedan-2;8;11115;11388
0816;Sedan-3;8;12450;12840
0817;Signy-l'Abbaye;71;15726;16008
0818;Villers-Semeuse;11;14527;15007
0819;Vouziers;51;13068;13442
0902;Arize-Lèze;27;10783;10941
0903;Couserans Est;37;9450;9654
0904;Couserans Ouest;29;10767;11238
0905;Foix;6;13521;14031
0901;Haute-Ariège;47;6404;6577
0906;Mirepoix;35;13344;13713
0907;Pamiers-1;15;12545;12851
0908;Pamiers-2;8;14871;15305
0909;Pays d'Olmes;23;12369;12671
0910;Portes d'Ariège;16;13668;13989
0911;Portes du Couserans;28;9677;9913
0912;Sabarthès;29;11396;11642
0913;Val d'Ariège;28;14358;14685
1001;Aix-en-Othe;36;18005;18273
1002;Arcis-sur-Aube;47;14661;14976
1003;Bar-sur-Aube;48;13925;14287
1004;Bar-sur-Seine;46;16713;17179
1005;Brienne-le-Château;53;14247;14503
1006;Creney-près-Troyes;33;17492;18068
1007;Nogent-sur-Seine;23;16848;17137
1008;Les Riceys;57;14589;15186
1009;Romilly-sur-Seine;6;18573;18966
1010;Saint-André-les-Vergers;5;23145;23849
1011;Saint-Lyé;33;16285;16612
1012;Troyes-1;1;21013;21358
1013;Troyes-2;3;20768;21311
1014;Troyes-3;2;21134;21591
1015;Troyes-4;4;21491;21841
1016;Troyes-5;1;18523;18873
1017;Vendeuvre-sur-Barse;37;22608;23108
1106;Les Basses Plaines de l'Aude;6;21184;21558
1105;Le Bassin chaurien;22;22571;23414
1102;Carcassonne-1;1;15026;15516
1103;Carcassonne-2;9;21248;21971
1104;Carcassonne-3;7;21343;21779
1107;Les Corbières;54;16162;16431
1117;Les Corbières Méditerranée;11;22945;23285
1115;Le Haut-Minervois;23;15848;16123
1114;La Haute-Vallée de l'Aude;82;17971;18385
1108;Le Lézignanais;10;16864;17117
1110;La Malepère à la Montagne Noire;27;17262;17935
1118;La Montagne d'Alaric;29;16038;16442
1111;Narbonne-1;5;26302;26699
1112;Narbonne-2;3;20882;21391
1113;Narbonne-3;1;18292;18725
1101;La Piège au Razès;72;20099;20585
1109;La Région Limouxine;35;19817;20574
1116;Le Sud-Minervois;18;23602;23993
1119;La Vallée de l'Orbiel;22;16804;17171
1201;Aubrac et Carladez;21;10210;10427
1202;Aveyron et Tarn;17;10634;11002
1203;Causse-Comtal;7;11847;12172
1204;Causses-Rougiers;43;11904;12275
1205;Ceor-Ségala;18;13940;14385
1206;Enne et Alzou;11;13191;13664
1207;Lot et Dourdou;11;13198;13631
1208;Lot et Montbazinois;16;11869;12175
1209;Lot et Palanges;13;10306;10575
1210;Lot et Truyère;14;10013;10262
1211;Millau-1;4;14694;15257
1212;Millau-2;6;14364;14707
1213;Monts du Réquistanais;14;10636;10986
1214;Nord-Lévezou;4;13450;13817
1215;Raspes et Lévezou;22;10954;11220
1216;Rodez-1;1;11876;12864
1217;Rodez-2;2;12384;13265
1218;Rodez-Onet;2;13961;14589
1219;Saint-Affrique;11;12693;13465
1220;Tarn et Causses;18;10356;10688
1221;Vallon;10;12628;13013
1222;Villefranche-de-Rouergue;3;13285;13961
1223;Villeneuvois et Villefranchois;20;10813;11088
1301;Aix-en-Provence-1;1;73146;75217
1302;Aix-en-Provence-2;1;69336;70459
1303;Allauch;10;70876;71775
1304;Arles;3;63327;64203
1305;Aubagne;3;61648;62261
1306;Berre-l'Étang;9;70990;71898
1307;Châteaurenard;15;72942;74091
1308;La Ciotat;7;70777;71691
1309;Gardanne;5;62937;63805
1310;Istres;3;64464;65418
1311;Marignane;7;83099;83902
1312;Marseille-1;1;76108;76556
1321;Marseille-10;1;76607;77248
1322;Marseille-11;1;76608;77173
1323;Marseille-12;1;78826;79550
1313;Marseille-2;1;68060;68326
1314;Marseille-3;1;61878;62139
1315;Marseille-4;1;60806;61041
1316;Marseille-5;1;67716;68210
1317;Marseille-6;1;72716;73198
1318;Marseille-7;1;79983;80802
1319;Marseille-8;1;69141;69674
1320;Marseille-9;1;74861;75898
1324;Martigues;2;64704;65294
1325;Pélissanne;13;58549;59838
1326;Salon-de-Provence-1;15;66212;67349
1327;Salon-de-Provence-2;4;71146;72194
1328;Trets;18;72359;73934
1329;Vitrolles;4;64340;65360
1401;Aunay-sur-Odon;29;25339;25735
1402;Bayeux;34;29090;29792
1403;Bretteville-l'Orgueilleuse;26;27468;28108
1404;Cabourg;34;29674;30198
1405;Caen-1;5;27770;28230
1406;Caen-2;6;30135;30542
1407;Caen-3;2;26405;27388
1408;Caen-4;1;26410;26846
1409;Caen-5;5;27243;27662
1410;Condé-sur-Noireau;9;23903;24506
1411;Courseulles-sur-Mer;21;28453;29095
1412;Évrecy;28;33179;33609
1413;Falaise;57;27350;28001
1414;Hérouville-Saint-Clair;2;29872;30190
1415;Honfleur-Deauville;17;29931;30603
1416;Ifs;4;31499;32053
1417;Lisieux;10;26539;27341
1418;Livarot;12;22316;22902
1419;Mézidon-Canon;39;24269;24760
1420;Ouistreham;11;33858;34447
1421;Pont-l'Évêque;47;28600;29390
1422;Thury-Harcourt;42;24197;24596
1423;Trévières;59;26775;27195
1424;Troarn;23;29911;30320
1425;Vire;9;23816;24835
1501;Arpajon-sur-Cère;15;11550;11855
1502;Aurillac-1;2;10144;10413
1503;Aurillac-2;1;9271;10100
1504;Aurillac-3;1;10377;10711
1505;Mauriac;20;10791;11193
1506;Maurs;18;10957;11340
1507;Murat;22;8123;8344
1508;Naucelles;16;10269;10560
1509;Neuvéglise;27;8352;8574
1510;Riom-ès-Montagnes;23;7845;8073
1511;Saint-Flour-1;24;8806;9122
1512;Saint-Flour-2;18;9742;10252
1513;Saint-Paul-des-Landes;22;8734;8961
1514;Vic-sur-Cère;23;10971;11252
1515;Ydes;19;9211;9435
1601;Angoulême-1;2;18570;19092
1602;Angoulême-2;2;18855;19526
1603;Angoulême-3;2;23012;24056
1604;Boëme-Echelle;13;18072;18383
1605;Boixe-et-Manslois;37;17588;17844
1606;Charente-Bonnieure;32;16912;17459
1607;Charente-Champagne;23;16897;17286
1608;Charente-Nord;46;18432;18888
1609;Charente-Sud;40;19984;20576
1610;Charente-Vienne;27;18543;19027
1611;Cognac-1;8;16451;16893
1612;Cognac-2;7;17864;18303
1613;La Couronne;4;15752;16244
1614;Gond-Pontouvre;4;19772;20258
1615;Jarnac;17;16130;16565
1616;Touvre-et-Braconne;6;18725;19166
1617;Tude-et-Lavalette;50;17941;18323
1618;Val de Nouère;23;21019;21410
1619;Val de Tardoire;27;21816;22240
1701;Aytré;4;28817;29417
1702;Chaniers;26;22501;22957
1703;Châtelaillon-Plage;8;21067;21478
1704;L' Île d'Oléron;8;22203;22593
1705;L' Île de Ré;10;17379;17706
1706;La Jarrie;14;26058;26556
1707;Jonzac;44;20615;21272
1708;Lagord;6;25622;26243
1709;Marans;20;29861;30272
1710;Marennes;13;21669;22100
1711;Matha;63;21246;21663
1712;Pons;39;21449;22125
1713;Rochefort;1;24151;24845
1714;La Rochelle-1;1;26522;26917
1715;La Rochelle-2;1;25089;26109
1716;La Rochelle-3;1;24124;24829
1717;Royan;3;27556;28293
1718;Saint-Jean-d'Angély;40;26768;27683
1719;Saint-Porchaire;20;20435;21011
1720;Saintes;1;25470;26813
1721;Saintonge Estuaire;23;20398;20766
1722;Saujon;9;21444;21848
1723;Surgères;20;28996;29569
1724;Thénac;25;20466;21160
1725;Tonnay-Charente;15;27728;28159
1726;La Tremblade;9;22804;23234
1727;Les Trois Monts;42;23865;24350
1801;Aubigny-sur-Nère;15;15852;16212
1802;Avord;33;18627;19009
1803;Bourges-1;1;17780;18285
1804;Bourges-2;1;15341;15535
1805;Bourges-3;1;14587;15140
1806;Bourges-4;1;16843;17629
1807;Chârost;13;14118;14536
1808;Châteaumeillant;38;14681;14937
1809;Dun-sur-Auron;32;15355;15627
1810;La Guerche-sur-l'Aubois;22;13175;13410
1811;Mehun-sur-Yèvre;15;19039;19410
1812;Saint-Amand-Montrond;13;15231;15647
1813;Saint-Doulchard;3;15007;15391
1814;Saint-Germain-du-Puy;18;15813;16101
1815;Saint-Martin-d'Auxigny;15;17034;17377
1816;Sancerre;36;18665;19116
1817;Trouy;23;15756;16115
1818;Vierzon-1;1;15294;15629
1819;Vierzon-2;10;16058;16350
1901;Allassac;12;15830;16167
1902;Argentat;30;11874;12207
1903;Brive-la-Gaillarde-1;1;12389;12765
1904;Brive-la-Gaillarde-2;1;12770;13215
1905;Brive-la-Gaillarde-3;3;11748;11944
1906;Brive-la-Gaillarde-4;1;13417;13773
1907;Égletons;18;10138;11110
1908;Haute-Dordogne;26;10079;10582
1909;Malemort-sur-Corrèze;4;15315;15645
1910;Midi Corrézien;33;12217;12508
1911;Naves;13;11436;11897
1912;Plateau de Millevaches;33;10387;10754
1913;Saint-Pantaléon-de-Larche;13;15473;15802
1914;Sainte-Fortunade;21;10804;11090
1915;Seilhac-Monédières;21;12033;12355
1916;Tulle;1;14836;15464
1917;Ussel;11;12310;12751
1918;Uzerche;21;13957;14222
1919;L' Yssandonnais;21;14451;14884
2A01;Ajaccio-1;1;16706;16865
2A02;Ajaccio-2;1;14083;14303
2A03;Ajaccio-3;1;17183;17373
2A04;Ajaccio-4;1;14128;14285
2A05;Ajaccio-5;4;16148;16474
2A06;Bavella;6;13972;14200
2A07;Grand Sud;8;14247;14504
2A08;Gravona-Prunelli;15;16579;16883
2A09;Sartenais-Valinco;25;11456;11726
2A10;Sevi-Sorru-Cinarca;33;7629;7760
2A11;Taravo-Ornano;34;15118;15395
2B01;Bastia-1;2;12607;12871
2B02;Bastia-2;1;12318;12511
2B03;Bastia-3;1;14635;14727
2B04;Bastia-4;2;15106;15487
2B05;Biguglia-Nebbio;14;14221;14449
2B06;Borgo;3;14700;14890
2B07;Calvi;14;12096;12309
2B08;Cap Corse;22;12471;12682
2B09;Casinca-Fumalto;25;12416;12559
2B10;Castagniccia;37;10217;10355
2B11;Corte;8;9662;9817
2B12;Fiumorbo-Castello;14;8867;8994
2B13;Ghisonaccia;20;9629;9747
2B14;Golo-Morosaglia;55;8827;8919
2B15;L' île-Rousse;21;9917;10148
2101;Arnay-le-Duc;90;18841;19378
2102;Auxonne;35;23403;23721
2103;Beaune;1;21031;21747
2104;Brazey-en-Plaine;38;20600;21011
2105;Châtillon-sur-Seine;107;19983;20744
2106;Chenôve;2;19258;19531
2107;Chevigny-Saint-Sauveur;7;27569;28266
2108;Dijon-1;1;25469;26047
2109;Dijon-2;1;28613;29061
2110;Dijon-3;1;24460;25064
2111;Dijon-4;1;28116;28667
2112;Dijon-5;1;25208;25789
2113;Dijon-6;3;25878;26416
2114;Fontaine-lès-Dijon;30;26881;27369
2115;Genlis;23;22006;22459
2116;Is-sur-Tille;50;19880;20190
2117;Ladoix-Serrigny;38;20286;20886
2118;Longvic;26;23612;24145
2119;Montbard;57;18332;18725
2120;Nuits-Saint-Georges;34;20761;21202
2121;Saint-Apollinaire;37;27436;27906
2122;Semur-en-Auxois;88;21218;22021
2123;Talant;34;24978;25453
2201;Bégard;23;21894;22332
2202;Broons;26;23716;24479
2203;Callac;28;17881;18222
2204;Dinan;5;22881;23737
2205;Guingamp;9;26335;27564
2206;Lamballe;10;24340;24977
2207;Lannion;3;23274;24359
2208;Lanvallay;17;20785;21244
2209;Loudéac;10;18337;18974
2210;Mûr-de-Bretagne;22;18914;19383
2211;Paimpol;10;19120;19771
2212;Perros-Guirec;9;25222;26043
2213;Plaintel;9;19470;20018
2214;Plancoët;18;19008;19422
2215;Plélo;22;25955;26601
2216;Plénée-Jugon;11;19270;19661
2217;Pléneuf-Val-André;15;26113;26665
2218;Plérin;3;23298;24022
2219;Pleslin-Trigavou;9;19024;19489
2220;Plestin-les-Grèves;17;20929;21418
2221;Ploufragan;5;23011;23591
2222;Plouha;17;26543;27242
2223;Rostrenen;27;20516;21382
2224;Saint-Brieuc-1;1;21908;22682
2225;Saint-Brieuc-2;1;22464;23324
2226;Trégueux;4;25271;25899
2227;Tréguier;19;23335;24606
2301;Ahun;27;7042;7325
2302;Aubusson;21;9161;9448
2303;Auzances;35;7799;7943
2304;Bonnat;17;7258;7370
2305;Bourganeuf;16;6312;6595
2306;Boussac;17;6251;6358
2307;Dun-le-Palestel;17;7714;7911
2308;Évaux-les-Bains;17;6270;6392
2309;Felletin;19;6543;6894
2310;Gouzon;25;9505;9639
2311;Le Grand-Bourg;16;6983;7111
2312;Guéret-1;5;9287;9472
2313;Guéret-2;7;9659;10201
2314;Saint-Vaury;11;9551;9837
2315;La Souterraine;7;9303;9637
2401;Bergerac-1;1;18463;18976
2402;Bergerac-2;10;17780;18204
2403;Brantôme;27;16469;16754
2404;Coulounieix-Chamiers;4;17464;17966
2405;Le Haut-Périgord Noir;31;14453;14717
2406;Isle-Loue-Auvézère;29;14728;15046
2407;Isle-Manoire;7;20145;20628
2408;Lalinde;46;18115;18483
2409;Montpon-Ménestérol;15;18634;18907
2410;Pays de la Force;14;17405;17780
2411;Pays de Montaigne et Gurson;20;14859;15111
2412;Périgord Central;33;14679;14956
2413;Périgord Vert Nontronnais;28;15185;15516
2414;Périgueux-1;1;15758;16616
2415;Périgueux-2;1;14208;14936
2416;Ribérac;33;14489;14915
2417;Saint-Astier;11;17373;17696
2418;Sarlat-la-Canéda;13;16086;16685
2419;Sud-Bergeracois;39;15178;15754
2420;Terrasson-Lavilledieu;27;19707;20151
2421;Thiviers;23;15781;16192
2422;Trélissac;8;16866;17294
2425;Vallée de l'Homme;24;14813;15160
2424;Vallée de l'Isle;21;17006;17273
2423;Vallée Dordogne;44;17962;18379
2501;Audincourt;9;29542;30068
2502;Baume-les-Dames;96;28897;29561
2503;Bavans;71;31165;31875
2504;Besançon-1;7;30262;31132
2505;Besançon-2;12;29230;29961
2506;Besançon-3;5;29947;30906
2507;Besançon-4;7;30644;31229
2508;Besançon-5;16;28604;29401
2509;Besançon-6;12;30889;31713
2510;Bethoncourt;11;30785;31264
2511;Frasne;47;25197;26003
2512;Maîche;51;24325;24838
2513;Montbéliard;4;30162;30881
2514;Morteau;25;27174;28198
2515;Ornans;63;26138;26734
2516;Pontarlier;10;27040;28144
2517;Saint-Vit;62;24602;25059
2518;Valdahon;58;25742;26367
2519;Valentigney;15;28722;29309
2601;Bourg-de-Péage;3;29801;30502
2602;Crest;28;28419;29246
2603;Dieulefit;44;23454;24190
2604;Le Diois;62;14126;14554
2605;Drôme des collines;31;27916;29092
2606;Grignan;21;21953;22394
2607;Loriol-sur-Drôme;8;26951;27465
2608;Montélimar-1;6;27858;28688
2609;Montélimar-2;5;25781;26415
2610;Nyons et Baronnies;73;22829;23416
2611;Romans-sur-Isère;9;30646;31196
2612;Saint-Vallier;14;27069;27604
2613;Tain-l'Hermitage;14;27922;28602
2614;Le Tricastin;8;29474;30384
2615;Valence-1;3;31551;32303
2616;Valence-2;4;30900;31716
2617;Valence-3;5;31712;32456
2618;Valence-4;1;27634;28130
2619;Vercors-Monts du Matin;30;25557;26221
2701;Les Andelys;26;27470;28083
2702;Bernay;18;24439;25186
2703;Beuzeville;61;31850;32293
2704;Bourg-Achard;30;23747;24153
2705;Bourgtheroulde-Infreville;25;27944;28395
2706;Breteuil;43;23903;24376
2707;Brionne;41;25359;25885
2708;Conches-en-Ouche;29;21439;21872
2709;Évreux-1;3;24761;25711
2710;Évreux-2;12;28627;29213
2711;Évreux-3;16;22961;23456
2712;Gaillon;17;29155;29660
2713;Gisors;34;30472;30985
2714;Louviers;7;24636;25169
2715;Le Neubourg;43;22814;23372
2716;Pacy-sur-Eure;34;29251;30041
2717;Pont-Audemer;27;27751;28407
2718;Pont-de-l'Arche;20;23559;23916
2719;Romilly-sur-Andelle;35;21932;22244
2720;Saint-André-de-l'Eure;32;30929;31468
2721;Val-de-Reuil;8;21011;21448
2722;Verneuil-sur-Avre;29;29715;30737
2723;Vernon;4;28118;28856
2801;Anet;25;24911;25461
2802;Auneau;33;25421;25855
2803;Brou;25;23719;24246
2804;Chartres-1;12;29963;30729
2805;Chartres-2;15;27645;28507
2806;Chartres-3;5;30973;31939
2807;Châteaudun;25;31933;32896
2808;Dreux-1;13;30097;30524
2809;Dreux-2;14;30836;31439
2810;Épernon;23;33713;34370
2811;Illiers-Combray;40;26955;27819
2812;Lucé;6;27061;27774
2813;Nogent-le-Rotrou;30;28206;29132
2814;Saint-Lubin-des-Joncherets;47;33189;33741
2815;Voves;57;28611;29106
2901;Brest-1;1;31148;31541
2902;Brest-2;1;36557;37062
2903;Brest-3;2;31776;32632
2904;Brest-4;4;34574;35194
2905;Brest-5;1;36386;37333
2906;Briec;18;27689;28455
2907;Carhaix-Plouguer;23;26602;27764
2908;Concarneau;6;37529;38762
2909;Crozon;18;32554;33749
2910;Douarnenez;16;33782;34655
2911;Fouesnant;8;35940;37088
2912;Guipavas;3;39281;40260
2913;Landerneau;9;28336;29190
2914;Landivisiau;19;33054;33917
2915;Lesneven;17;36115;36960
2916;Moëlan-sur-Mer;8;36114;37049
2917;Morlaix;10;35800;36869
2918;Plabennec;13;40992;41840
2919;Plonéour-Lanvern;16;29300;30042
2920;Plouigneau;16;28333;29300
2921;Pont-de-Buis-lès-Quimerch;17;27613;28313
2922;Pont-l'Abbé;6;26101;26979
2923;Quimper-1;7;40486;41905
2924;Quimper-2;1;38937;40458
2925;Quimperlé;11;31973;32860
2926;Saint-Pol-de-Léon;14;31601;32480
2927;Saint-Renan;17;40455;41335
3001;Aigues-Mortes;7;34845;35256
3002;Alès-1;8;32036;32760
3003;Alès-2;15;30328;30784
3004;Alès-3;14;27292;27823
3005;Bagnols-sur-Cèze;11;28884;29502
3006;Beaucaire;7;37176;37599
3007;Calvisson;28;35130;35707
3008;La Grand-Combe;28;21516;22044
3009;Marguerittes;7;37461;38283
3010;Nîmes-1;1;36504;37275
3011;Nîmes-2;1;38081;38448
3012;Nîmes-3;1;37503;38069
3013;Nîmes-4;1;38040;38678
3014;Pont-Saint-Esprit;24;25982;26496
3015;Quissac;44;26767;27221
3016;Redessan;21;33114;33807
3017;Roquemaure;11;26989;27462
3018;Rousson;29;31483;31978
3019;Saint-Gilles;9;36306;36892
3020;Uzès;31;31983;32838
3021;Vauvert;10;40262;40773
3022;Le Vigan;44;22744;23356
3023;Villeneuve-lès-Avignon;5;33752;34713
3101;Auterive;47;52900;53793
3102;Bagnères-de-Luchon;131;33264;34386
3103;Blagnac;6;52294;53166
3104;Castanet-Tolosan;15;45377;46529
3105;Castelginest;10;54793;55398
3106;Cazères;91;43628;44482
3107;Escalquens;35;44222;45190
3108;Léguevin;35;55491;56683
3109;Muret;9;54702;55713
3110;Pechbonnieu;26;41941;42827
3111;Plaisance-du-Touch;10;49310;50286
3112;Portet-sur-Garonne;12;49450;50214
3113;Revel;59;40937;41833
3114;Saint-Gaudens;61;35327;36369
3115;Toulouse-1;1;56177;56916
3124;Toulouse-10;10;58696;59855
3125;Toulouse-11;2;48899;49654
3116;Toulouse-2;1;56609;57080
3117;Toulouse-3;1;51808;52437
3118;Toulouse-4;1;52846;53464
3119;Toulouse-5;1;44636;44959
3120;Toulouse-6;1;56137;56529
3121;Toulouse-7;4;59506;60412
3122;Toulouse-8;2;70296;71070
3123;Toulouse-9;3;55062;55870
3126;Tournefeuille;3;54656;55564
3127;Villemur-sur-Tarn;19;43708;44443
3201;Adour-Gersoise;34;9831;10184
3202;Armagnac-Ténarèze;15;10448;10692
3203;Astarac-Gimone;43;9285;9878
3204;Auch-1;6;10972;11710
3205;Auch-2;14;9978;10441
3206;Auch-3;10;12074;12360
3207;Baïse-Armagnac;15;11635;11944
3208;Fezensac;33;9075;9281
3209;Fleurance-Lomagne;33;13070;13442
3210;Gascogne-Auscitaine;22;9470;9771
3211;Gimone-Arrats;36;13708;14057
3212;Grand-Bas-Armagnac;40;13291;13745
3213;L' Isle-Jourdain;10;15124;15505
3214;Lectoure-Lomagne;26;9526;10031
3215;Mirande-Astarac;43;12529;13140
3216;Pardiac-Rivière-Basse;43;9650;10001
3217;Val de Save;40;11425;11771
3301;Andernos-les-Bains;6;51973;52883
3302;Bordeaux-1;1;45887;46369
3303;Bordeaux-2;1;49907;50885
3304;Bordeaux-3;1;47904;48748
3305;Bordeaux-4;1;58926;59479
3306;Bordeaux-5;1;51812;52323
3307;Le Bouscat;2;41748;42177
3308;La Brède;13;43353;44350
3309;Cenon;3;45823;46230
3310;Les Coteaux de Dordogne;51;37199;37802
3311;Créon;23;48064;48889
3312;L' Entre-Deux-Mers;57;38036;38739
3313;L' Estuaire;38;41491;42265
3314;Gujan-Mestras;4;43741;44517
3315;Les Landes des Graves;25;46117;46779
3316;Le Libournais-Fronsadais;24;54363;55400
3317;Lormont;5;45479;46031
3318;Mérignac-1;2;48880;49452
3319;Mérignac-2;3;48006;48601
3320;Le Nord-Gironde;26;51446;52099
3321;Le Nord-Libournais;38;48548;49461
3322;Le Nord-Médoc;28;40831;41462
3323;Pessac-1;3;54619;55364
3324;Pessac-2;2;57202;57900
3325;Les Portes du Médoc;5;59424;60558
3326;La Presqu'île;9;51704;52217
3327;Le Réolais et Les Bastides;90;45793;46701
3328;Saint-Médard-en-Jalles;3;48603;49439
3329;Le Sud-Gironde;50;40113;41213
3330;Le Sud-Médoc;22;53733;54427
3331;Talence;2;49350;50373
3332;La Teste-de-Buch;2;37362;37966
3333;Villenave-d'Ornon;2;55947;56446
3401;Agde;5;50309;51032
3402;Béziers-1;6;40302;40963
3403;Béziers-2;3;42820;43438
3404;Béziers-3;9;45073;46004
3405;Cazouls-lès-Béziers;28;41728;42464
3406;Clermont-l'Hérault;40;44717;45614
3407;Le Crès;11;44411;45075
3408;Frontignan;6;45111;45604
3409;Gignac;28;38728;39392
3410;Lattes;5;49878;50596
3411;Lodève;54;36253;37108
3412;Lunel;14;50063;50694
3413;Mauguio;8;44673;45153
3414;Mèze;18;40683;41339
3420;Montpellier - Castelnau-le-Lez;5;60955;62232
3415;Montpellier-1;2;52987;53447
3416;Montpellier-2;1;53456;53924
3417;Montpellier-3;1;50908;51909
3418;Montpellier-4;1;60826;61252
3419;Montpellier-5;1;50888;51524
3421;Pézenas;15;36814;37762
3422;Pignan;8;42441;43018
3423;Saint-Gély-du-Fesc;20;43094;44186
3424;Saint-Pons-de-Thomières;59;34545;35341
3425;Sète;1;43229;43796
3501;Antrain;24;37372;38012
3502;Bain-de-Bretagne;20;32067;32649
3503;Betton;6;49302;50730
3504;Bruz;5;42474;43465
3505;Châteaugiron;11;41369;42276
3506;Combourg;24;32951;33681
3507;Dol-de-Bretagne;31;43964;45036
3508;Fougères-1;17;32205;33139
3509;Fougères-2;18;32702;33449
3510;La Guerche-de-Bretagne;31;41502;42533
3511;Guichen;15;34959;35697
3512;Janzé;10;39174;39962
3513;Liffré;9;35201;35972
3514;Melesse;15;36147;36846
3515;Montauban-de-Bretagne;22;33991;34836
3516;Montfort-sur-Meu;15;37746;38496
3517;Redon;15;35845;37265
3518;Rennes-1;1;40082;40874
3519;Rennes-2;1;41186;42325
3520;Rennes-3;2;43687;44259
3521;Rennes-4;1;36420;36971
3522;Rennes-5;2;44805;45681
3523;Rennes-6;2;45896;46743
3524;Le Rheu;9;42306;43170
3525;Saint-Malo-1;5;43775;45006
3526;Saint-Malo-2;8;43778;45121
3527;Vitré;22;39293;40360
3601;Ardentes;12;17432;18001
3602;Argenton-sur-Creuse;20;18024;18466
3603;Le Blanc;27;18546;19040
3604;Buzançais;20;20673;21212
3605;Châteauroux-1;2;16690;17151
3606;Châteauroux-2;1;16537;17203
3607;Châteauroux-3;1;18027;18629
3608;La Châtre;34;16068;16415
3609;Issoudun;6;14161;14510
3610;Levroux;34;16887;17183
3611;Neuvy-Saint-Sépulchre;25;15280;15578
3612;Saint-Gaultier;34;16480;16809
3613;Valençay;28;17427;17802
3701;Amboise;14;27829;28515
3702;Ballan-Miré;7;25397;25773
3703;Bléré;17;26328;26813
3704;Château-Renault;35;38236;38966
3705;Chinon;27;35199;36101
3706;Descartes;38;24661;25165
3707;Joué-lès-Tours;1;37893;38340
3708;Langeais;29;35531;36049
3709;Loches;28;25337;26271
3710;Montlouis-sur-Loire;5;34689;35304
3711;Monts;10;36913;37588
3712;Saint-Cyr-sur-Loire;5;36294;37368
3714;Saint-Pierre-des-Corps;2;30863;31416
3713;Sainte-Maure-de-Touraine;43;27120;27563
3715;Tours-1;1;39445;40401
3716;Tours-2;1;32987;33479
3717;Tours-3;1;31615;32420
3718;Tours-4;1;31740;32316
3719;Vouvray;10;28434;28972
3801;Bièvre;44;44573;45593
3802;Bourgoin-Jallieu;14;53622;54888
3803;Chartreuse-Guiers;23;35943;36698
3804;Charvieu-Chavagneux;24;55050;55886
3805;Échirolles;3;47709;48052
3806;Fontaine-Seyssinet;4;38573;39111
3807;Fontaine-Vercors;10;38395;39412
3808;Le Grand-Lemps;30;36057;36820
3809;Grenoble-1;1;45156;46029
3810;Grenoble-2;8;46620;47262
3811;Grenoble-3;1;49045;49671
3812;Grenoble-4;1;43627;44066
3813;Le Haut-Grésivaudan;24;43510;44485
3814;L' Isle-d'Abeau;13;51916;52841
3815;Matheysine-Trièves;70;29365;30172
3816;Meylan;8;44006;45453
3817;Morestel;23;38418;39226
3818;Le Moyen Grésivaudan;15;44448;45725
3819;Oisans-Romanche;30;32951;33671
3820;Le Pont-de-Claix;12;45859;46512
3821;Roussillon;27;46964;47767
3822;Saint-Martin-d'Hères;4;48163;48557
3823;Le Sud Grésivaudan;44;41101;42181
3824;La Tour-du-Pin;17;36730;37726
3825;Tullins;13;39141;39847
3826;La Verpillière;16;45807;46545
3827;Vienne-1;10;41356;41913
3828;Vienne-2;18;48591;49604
3829;Voiron;10;46026;47671
3901;Arbois;36;11901;12409
3902;Authume;46;13833;14242
3903;Bletterans;59;17215;17554
3904;Champagnole;32;16550;17267
3905;Dole-1;4;18370;18963
3906;Dole-2;6;17366;17961
3907;Lons-le-Saunier-1;9;14327;15137
3908;Lons-le-Saunier-2;12;14807;15407
3909;Moirans-en-Montagne;52;15206;15687
3910;Mont-sous-Vaudrey;39;16677;17297
3911;Morez;7;15819;16417
3912;Poligny;43;17657;18546
3913;Saint-Amour;35;13449;13902
3914;Saint-Claude;7;11044;11406
3915;Saint-Laurent-en-Grandvaux;67;16616;17088
3916;Saint-Lupicin;20;11195;11561
3917;Tavaux;29;18156;18500
4001;Adour Armagnac;35;23809;24799
4002;Chalosse Tursan;50;26020;26648
4003;Côte d'Argent;16;23980;24475
4004;Coteau de Chalosse;50;25808;26502
4005;Dax-1;11;25306;26217
4006;Dax-2;10;29761;31090
4007;Grands Lacs;13;33555;34356
4008;Haute Lande Armagnac;47;22442;23180
4009;Marensin Sud;12;30825;31504
4010;Mont-de-Marsan-1;10;25274;26412
4011;Mont-de-Marsan-2;9;27903;28928
4012;Orthe et Arrigans;24;23717;24369
4013;Pays morcenais tarusate;23;27014;27618
4014;Pays Tyrossais;11;34878;35801
4015;Seignanx;8;27152;27810
4101;La Beauce;34;24735;25231
4102;Blois-1;1;21050;21249
4103;Blois-2;6;23191;24159
4104;Blois-3;11;21040;22044
4105;Chambord;23;25676;26157
4106;Montoire-sur-le-Loir;46;22192;22778
4107;Montrichard;14;21242;21757
4108;Onzain;21;20252;20823
4109;Le Perche;46;23046;23490
4110;Romorantin-Lanthenay;6;19999;20532
4111;Saint-Aignan;16;18998;19351
4112;Selles-sur-Cher;17;21405;21759
4113;La Sologne;14;22575;22982
4114;Vendôme;8;24164;25274
4115;Vineuil;8;22350;22913
4201;Andrézieux-Bouthéon;15;44633;45371
4202;Boën-sur-Lignon;51;30061;30784
4203;Charlieu;31;29455;30427
4204;Le Coteau;29;32994;33934
4205;Feurs;33;38297;39213
4206;Firminy;5;31135;31561
4207;Montbrison;31;41196;42564
4208;Le Pilat;35;35405;36302
4209;Renaison;36;29694;30553
4210;Rive-de-Gier;11;43798;44332
4211;Roanne-1;2;29018;29671
4212;Roanne-2;4;29774;30410
4213;Saint-Chamond;2;39757;40356
4214;Saint-Etienne-1;1;39415;39898
4215;Saint-Etienne-2;3;36485;36819
4216;Saint-Etienne-3;3;41265;41652
4217;Saint-Etienne-4;2;36845;37317
4218;Saint-Etienne-5;3;35547;35829
4219;Saint-Etienne-6;1;39787;40412
4220;Saint-Just-Saint-Rambert;18;44084;44978
4221;Sorbiers;13;34296;34945
4301;Aurec-sur-Loire;4;14788;15008
4302;Bas-en-Basset;9;12980;13253
4303;Boutières;12;12750;13006
4304;Brioude;12;13432;14184
4305;Les Deux Rivières et Vallées;5;13931;14172
4306;Emblavez-et-Meygal;14;12600;12870
4307;Gorges de l'Allier-Gévaudan;26;9488;9795
4308;Mézenc;21;11304;11577
4309;Monistrol-sur-Loire;4;13757;14285
4310;Pays de Lafayette;41;9342;9576
4311;Plateau du Haut-Velay granitique;26;9592;9808
4312;Le Puy-en-Velay-1;4;12182;12614
4313;Le Puy-en-Velay-2;6;13091;13529
4314;Le Puy-en-Velay-3;4;11179;11689
4315;Le Puy-en-Velay-4;3;12050;12673
4316;Saint-Paulien;18;10141;10375
4317;Sainte-Florine;21;11357;11601
4318;Velay volcanique;23;10968;11241
4319;Yssingeaux;7;12351;12934
4401;Ancenis;12;45821;46839
4402;La Baule-Escoublac;6;44548;45767
4403;Blain;14;53294;54248
4404;Carquefou;4;48405;49325
4405;La Chapelle-sur-Erdre;6;51515;52677
4406;Châteaubriant;19;33467;34456
4407;Clisson;12;40142;41233
4408;Guémené-Penfao;19;36318;37230
4409;Guérande;10;48697;49897
4410;Machecoul;13;40453;41180
4411;Nantes-1;1;43716;44792
4412;Nantes-2;1;40739;41539
4413;Nantes-3;1;51033;51744
4414;Nantes-4;1;38849;39545
4415;Nantes-5;1;41248;41690
4416;Nantes-6;1;46042;46807
4417;Nantes-7;1;47719;48386
4418;Nort-sur-Erdre;14;48812;49606
4419;Pontchâteau;13;48645;49523
4420;Pornic;8;37177;37953
4421;Rezé-1;6;41073;41736
4422;Rezé-2;1;36141;36803
4423;Saint-Brevin-les-Pins;9;47012;48149
4424;Saint-Herblain-1;4;57020;57926
4425;Saint-Herblain-2;2;49136;50132
4426;Saint-Nazaire-1;1;48942;50341
4427;Saint-Nazaire-2;6;50185;50913
4428;Saint-Philbert-de-Grand-Lieu;12;48283;49127
4429;Saint-Sébastien-sur-Loire;3;41638;42662
4430;Vallet;11;47187;48191
4431;Vertou;5;41652;42735
4501;Beaugency;13;25910;26469
4502;Châlette-sur-Loing;6;31981;32979
4503;Châteauneuf-sur-Loire;14;31668;32133
4504;Courtenay;42;37403;38017
4505;La Ferté-Saint-Aubin;8;30975;31471
4506;Fleury-les-Aubrais;7;32987;33514
4507;Gien;26;34880;35656
4508;Lorris;38;27729;28249
4509;Malesherbes;49;37213;38049
4510;Meung-sur-Loire;32;35750;36419
4511;Montargis;9;29826;30924
4512;Olivet;3;30794;31498
4513;Orléans-1;1;24312;24602
4514;Orléans-2;1;26538;27327
4515;Orléans-3;3;35091;35576
4516;Orléans-4;1;37673;38631
4517;Pithiviers;35;32950;33564
4518;Saint-Jean-de-Braye;7;38994;39988
4519;Saint-Jean-de-la-Ruelle;3;35713;36443
4520;Saint-Jean-le-Blanc;9;27438;28108
4521;Sully-sur-Loire;23;32280;32923
4601;Cahors-1;3;11381;11705
4602;Cahors-2;5;9697;10350
4603;Cahors-3;6;11118;11474
4604;Causse et Bouriane;31;10039;10235
4605;Causse et Vallées;44;8854;9071
4606;Cère et Ségala;17;10379;10643
4607;Figeac-1;12;10505;11083
4608;Figeac-2;14;10190;10585
4609;Gourdon;18;11613;11912
4610;Gramat;17;8452;8693
4611;Lacapelle-Marival;32;8667;8922
4612;Luzech;18;10139;10394
4613;Marches du Sud-Quercy;25;11856;12149
4614;Martel;16;10105;10364
4615;Puy-l'Evêque;25;11364;11605
4616;Saint-Céré;18;9610;9954
4617;Souillac;18;9859;10417
4701;Agen-1;4;16705;17115
4702;Agen-2;3;13698;13946
4703;Agen-3;1;16494;16991
4704;Agen-4;2;18652;19105
4705;L' Albret;22;16617;17328
4706;Le Confluent;20;14423;14783
4707;Les Coteaux de Guyenne;34;13237;13468
4708;Les Forêts de Gascogne;32;15575;15823
4709;Le Fumélois;19;17927;18301
4710;Le Haut Agenais Périgord;33;13532;13845
4711;Lavardac;20;13571;13935
4712;Le Livradais;14;15396;15736
4713;Marmande-1;10;18339;18949
4714;Marmande-2;11;18136;18565
4715;L' Ouest agenais;11;17195;17579
4716;Le Pays de Serres;23;13579;13862
4717;Le Sud-Est agenais;19;16754;17081
4718;Tonneins;13;17968;18493
4719;Le Val du Dropt;25;12709;13049
4720;Villeneuve-sur-Lot-1;2;15714;16085
4721;Villeneuve-sur-Lot-2;6;16621;17231
4801;Aumont-Aubrac;25;6712;6948
4802;La Canourgue;9;6567;6788
4803;Chirac;12;6909;7123
4804;Le Collet-de-Dèze;23;5057;5228
4805;Florac;9;4858;5091
4806;Grandrieu;20;5086;5225
4807;Langogne;9;4668;4911
4808;Marvejols;6;5863;6132
4809;Mende-1;1;6076;6557
4810;Mende-2;1;6058;6410
4811;Saint-Alban-sur-Limagnole;17;6161;6308
4812;Saint-Chély-d'Apcher;6;6149;6803
4813;Saint-Etienne-du-Valdonnez;18;6437;6716
4901;Angers-1;1;42985;43939
4902;Angers-2;3;41476;42625
4903;Angers-3;8;40456;41072
4904;Angers-4;4;39989;41037
4905;Angers-5;7;39963;40602
4906;Angers-6;13;41174;42020
4907;Angers-7;6;43928;44899
4908;Beaufort-en-Vallée;6;33342;34078
4909;Beaupréau;3;41155;42213
4910;Chalonnes-sur-Loire;15;35715;36415
4911;Chemillé-Melay;7;36987;37883
4912;Cholet-1;1;42308;43656
4913;Cholet-2;20;44110;45335
4914;Doué-la-Fontaine;19;33858;34738
4915;Longué-Jumelles;17;30587;31145
4916;La Pommeraye;2;34697;35408
4917;Les Ponts-de-Cé;8;37166;38328
4918;Saint-Macaire-en-Mauges;6;40933;41887
4919;Saumur;12;36399;37625
4920;Segré;11;34645;35907
4921;Tiercé;21;41620;42342
5001;Agon-Coutainville;20;18372;18871
5002;Avranches;17;21125;21976
5003;Bréhal;29;20997;21559
5004;Bricquebec;28;18315;18743
5005;Carentan;21;21280;21658
5006;Cherbourg-Octeville-1;1;16593;17202
5007;Cherbourg-Octeville-2;1;16432;16965
5008;Cherbourg-Octeville-3;10;17136;17492
5009;Condé-sur-Vire;17;19896;20368
5010;Coutances;18;17731;19224
5011;Créances;20;16887;17241
5012;Équeurdreville-Hainneville;1;16617;17148
5013;Granville;4;20903;21850
5014;La Hague;2;16680;17163
5015;Isigny-le-Buat;28;17586;18187
5016;Le Mortainais;17;14583;15120
5017;Les Pieux;28;20988;21494
5018;Pont-Hébert;28;16501;17089
5019;Pontorson;21;17579;18005
5020;Quettreville-sur-Sienne;25;17657;18004
5021;Saint-Hilaire-du-Harcouët;15;19435;20260
5022;Saint-Lô-1;10;19067;20340
5023;Saint-Lô-2;11;21798;22351
5024;Tourlaville;4;19252;19785
5026;Val-de-Saire;29;17238;17569
5025;Valognes;31;20537;21213
5027;Villedieu-les-Poêles;27;15698;16046
5101;Argonne Suippe et Vesle;79;22609;23566
5102;Bourgogne;27;28005;28436
5103;Châlons-en-Champagne-1;4;27363;27849
5104;Châlons-en-Champagne-2;19;25345;26358
5105;Châlons-en-Champagne-3;42;25408;25903
5106;Dormans-Paysages de Champagne;72;24650;25253
5107;Épernay-1;18;26389;26953
5108;Épernay-2;18;25965;26569
5109;Fismes-Montagne de Reims;53;26311;26846
5110;Mourmelon-Vesle et Monts de Champagne;37;25187;25595
5111;Reims-1;1;26438;27170
5112;Reims-2;1;20141;20430
5113;Reims-3;1;25168;25568
5114;Reims-4;6;24369;24679
5115;Reims-5;3;24842;25188
5116;Reims-6;1;25274;25542
5117;Reims-7;1;28705;29124
5118;Reims-8;9;22423;22710
5119;Reims-9;1;23555;24227
5120;Sermaize-les-Bains;75;20855;21236
5121;Sézanne-Brie et Champagne;61;22154;22597
5122;Vertus-Plaine Champenoise;60;23225;23813
5123;Vitry-le-François-Champagne et Der;35;24514;25059
5201;Bologne;38;10580;10801
5202;Bourbonne-les-Bains;36;9062;9271
5203;Chalindrey;45;10827;11128
5204;Châteauvillain;37;9083;9262
5205;Chaumont-1;7;10706;11050
5206;Chaumont-2;5;8255;8787
5207;Chaumont-3;6;10187;10890
5208;Eurville-Bienville;17;8982;9124
5209;Joinville;38;10639;10881
5210;Langres;18;11999;12513
5211;Nogent;29;12165;12398
5212;Poissons;65;8749;8969
5213;Saint-Dizier-1;11;12302;12494
5214;Saint-Dizier-2;1;10392;10712
5215;Saint-Dizier-3;3;11544;11786
5216;Villegusien-le-Lac;54;8845;9025
5217;Wassy;20;11323;11662
5301;Azé;13;16261;16784
5302;Bonchamp-lès-Laval;7;15627;16046
5303;Château-Gontier;12;20943;21609
5304;Cossé-le-Vivien;29;21722;22201
5305;Ernée;15;20972;21376
5306;Évron;20;21040;21509
5307;Gorron;27;18962;19389
5308;L' Huisserie;9;15470;15890
5309;Lassay-les-Châteaux;24;17764;18166
5310;Laval-1;1;19169;20307
5311;Laval-2;1;16458;17144
5312;Laval-3;1;14101;14833
5313;Loiron;14;17084;17437
5314;Mayenne;8;18419;19288
5315;Meslay-du-Maine;35;20999;21443
5316;Saint-Berthevin;4;16183;16695
5317;Villaines-la-Juhel;26;16271;16633
5401;Baccarat;91;27245;27731
5402;Entre Seille et Meurthe;39;29373;29740
5403;Grand Couronné;24;32122;32793
5404;Jarny;34;36348;36921
5405;Jarville-la-Malgrange;12;34962;35601
5406;Laxou;2;28859;29388
5407;Longwy;8;33509;34117
5408;Lunéville-1;26;33817;34507
5409;Lunéville-2;54;34592;35038
5410;Meine au Saintois;98;28358;28756
5411;Mont-Saint-Martin;32;30963;31471
5412;Nancy-1;1;35817;36375
5413;Nancy-2;1;32542;33037
5414;Nancy-3;1;35927;36331
5415;Neuves-Maisons;14;26403;26813
5416;Le Nord-Toulois;56;26796;27249
5417;Pays de Briey;37;36976;37714
5418;Pont-à-Mousson;24;34325;34812
5419;Saint-Max;5;36385;37228
5420;Toul;15;31002;31501
5421;Val de Lorraine Sud;5;29710;30043
5422;Vandœuvre-lès-Nancy;1;30002;30273
5423;Villerupt;14;27448;27861
5501;Ancerville;25;13177;13509
5502;Bar-le-Duc-1;13;12438;12821
5503;Bar-le-Duc-2;5;11287;11740
5504;Belleville-sur-Meuse;27;9313;9574
5505;Bouligny;26;9304;9452
5506;Clermont-en-Argonne;50;9068;9261
5507;Commercy;14;12159;12524
5508;Dieue-sur-Meuse;62;12640;12901
5509;Étain;42;10090;10294
5510;Ligny-en-Barrois;40;12194;12528
5511;Montmédy;45;9694;9975
5512;Revigny-sur-Ornain;28;11456;11726
5513;Saint-Mihiel;34;11976;12291
5514;Stenay;35;8828;9111
5515;Vaucouleurs;48;12475;12748
5516;Verdun-1;2;10199;10834
5517;Verdun-2;5;10889;11299
5601;Auray;7;32570;33458
5602;Gourin;29;33451;34600
5603;Grand-Champ;17;37461;38387
5604;Guer;23;39607;40788
5605;Guidel;11;41464;42443
5606;Hennebont;6;42531;43580
5607;Lanester;2;29566;30254
5608;Lorient-1;1;29342;30315
5609;Lorient-2;2;30070;30622
5610;Moréac;23;33837;34669
5611;Muzillac;15;33592;34225
5612;Ploemeur;3;34828;35970
5613;Ploërmel;30;39734;41202
5614;Pluvigner;11;36774;37665
5615;Pontivy;15;42329;43986
5616;Questembert;16;34411;35159
5617;Quiberon;16;36230;37202
5618;Séné;10;37714;38542
5619;Vannes-1;1;32205;33568
5620;Vannes-2;10;39286;40539
5621;Vannes-3;6;33861;34737
5701;Algrange;16;40991;41527
5702;Bitche;46;34317;35169
5703;Boulay-Moselle;31;32868;33412
5704;Bouzonville;54;34075;34730
5705;Les Coteaux de Moselle;27;35336;36074
5706;Fameck;5;40440;40826
5707;Faulquemont;61;39469;40283
5708;Forbach;7;40067;40642
5709;Freyming-Merlebach;11;31925;32352
5710;Hayange;9;41315;41747
5711;Metz-1;1;37264;37824
5712;Metz-2;1;39983;40718
5713;Metz-3;1;39182;39711
5714;Metzervisse;27;37377;37998
5715;Montigny-lès-Metz;6;44968;45860
5716;Le Pays Messin;49;40816;41863
5717;Phalsbourg;56;32836;33692
5718;Rombas;14;44835;45329
5719;Saint-Avold;10;39211;40011
5720;Sarralbe;48;33590;34265
5721;Sarrebourg;46;30118;30791
5722;Sarreguemines;20;44767;45722
5723;Le Saulnois;135;30529;31517
5724;Le Sillon Mosellan;7;45093;45656
5725;Stiring-Wendel;14;37327;37928
5726;Thionville;2;46163;47022
5727;Yutz;24;48660;49548
5801;La Charité-sur-Loire;28;14621;14844
5802;Château-Chinon;40;12656;13220
5803;Clamecy;46;13967;14511
5804;Corbigny;45;10283;10629
5805;Cosne-Cours-sur-Loire;7;14140;14474
5806;Decize;9;10949;11251
5807;Fourchambault;4;12396;12706
5808;Guérigny;32;14244;14563
5809;Imphy;9;10235;10408
5810;Luzy;32;12138;12346
5811;Nevers-1;2;11229;11701
5812;Nevers-2;4;11271;11482
5813;Nevers-3;4;11327;11707
5814;Nevers-4;1;10217;10636
5815;Pouilly-sur-Loire;29;14639;14946
5816;Saint-Pierre-le-Moûtier;17;10224;10407
5817;Varennes-Vauzelles;3;12646;12911
5901;Aniche;26;59830;60408
5902;Annœullin;24;77288;78146
5903;Anzin;6;52048;52358
5904;Armentières;11;65519;66264
5906;Aulnoy-lez-Valenciennes;20;53435;53991
5905;Aulnoye-Aymeries;39;51620;52448
5907;Avesnes-sur-Helpe;52;59359;60293
5908;Bailleul;23;52313;53256
5909;Cambrai;27;56918;57941
5910;Le Cateau-Cambrésis;56;52558;53345
5911;Caudry;33;52179;52841
5912;Coudekerque-Branche;9;49711;50531
5913;Croix;5;75332;76151
5914;Denain;18;70070;70491
5915;Douai;7;62495;63703
5916;Dunkerque-1;1;51390;51907
5917;Dunkerque-2;5;50262;51312
5918;Faches-Thumesnil;12;77382;78092
5919;Fourmies;46;53928;54703
5920;Grande-Synthe;14;59717;60431
5921;Hazebrouck;16;58570;59702
5922;Lambersart;8;70139;70989
5923;Lille-1;5;74057;74769
5924;Lille-2;4;68780;70027
5925;Lille-3;2;71349;71908
5926;Lille-4;3;69523;70069
5927;Lille-5;1;73075;73729
5928;Lille-6;10;76865;77567
5929;Marly;17;63235;63759
5930;Maubeuge;14;64544;65219
5931;Orchies;16;54265;54997
5932;Roubaix-1;1;74467;74785
5933;Roubaix-2;3;72954;73377
5934;Saint-Amand-les-Eaux;19;58017;58546
5935;Sin-le-Noble;15;69093;69905
5936;Templeuve;32;78246;80021
5937;Tourcoing-1;4;66161;66550
5938;Tourcoing-2;1;75679;76256
5939;Valenciennes;2;54543;55108
5940;Villeneuve-d'Ascq;5;73640;74447
5941;Wormhout;45;53805;54913
6001;Beauvais-1;8;40371;41189
6002;Beauvais-2;26;46292;47541
6003;Chantilly;10;42226;43508
6004;Chaumont-en-Vexin;64;46039;46996
6005;Clermont;20;38730;39537
6006;Compiègne-1;20;41307;42358
6007;Compiègne-2;17;46885;48271
6008;Creil;2;40307;40631
6009;Crépy-en-Valois;25;34812;35546
6010;Estrées-Saint-Denis;71;42825;43691
6011;Grandvilliers;100;40722;41427
6012;Méru;14;47096;47724
6013;Montataire;15;36597;37169
6014;Mouy;35;37171;37868
6015;Nanteuil-le-Haudouin;46;32169;32795
6016;Nogent-sur-Oise;6;37443;38027
6017;Noyon;42;32964;33685
6018;Pont-Sainte-Maxence;22;31544;32096
6019;Saint-Just-en-Chaussée;84;44216;45159
6020;Senlis;14;31872;33034
6021;Thourotte;40;32915;33696
6101;L' Aigle;7;12776;13112
6102;Alençon-1;2;16142;16755
6103;Alençon-2;2;14367;14653
6104;Argentan-1;16;13579;13984
6105;Argentan-2;21;13921;14283
6106;Athis-de-l'Orne;30;15254;15899
6107;Bagnoles-de-l'Orne;12;12896;13213
6108;Bretoncelles;12;11495;11756
6109;Ceton;18;13043;13335
6110;Damigny;16;13792;14116
6111;Domfront;13;15087;15437
6112;La Ferté-Macé;14;15030;15655
6113;Flers-1;13;15598;15965
6114;Flers-2;7;15177;15621
6115;Magny-le-Désert;36;12662;12927
6116;Mortagne-au-Perche;33;13768;14327
6117;Radon;37;11191;11454
6118;Rai;26;12675;12983
6119;Sées;21;11284;11895
6120;Tourouvre;23;12912;13185
6121;Vimoutiers;32;10723;11002
6201;Aire-sur-la-Lys;17;29884;30396
6202;Arras-1;13;35717;36322
6203;Arras-2;12;35606;36423
6204;Arras-3;16;32124;32636
6205;Auchel;9;35661;35876
6206;Auxi-le-Château;84;34617;35214
6207;Avesnes-le-Comte;108;38673;39796
6208;Avion;4;39327;39602
6209;Bapaume;75;36325;37149
6210;Berck;31;35448;36358
6211;Béthune;7;41600;42076
6212;Beuvry;13;40777;41477
6213;Boulogne-sur-Mer-1;7;36037;36556
6214;Boulogne-sur-Mer-2;5;40272;40856
6215;Brebières;33;32324;32732
6216;Bruay-la-Buissière;12;35627;36218
6217;Bully-les-Mines;12;44219;44670
6218;Calais-1;11;37271;37822
6219;Calais-2;26;38530;39134
6220;Calais-3;1;43979;44304
6221;Carvin;3;35991;36243
6222;Desvres;52;45316;46226
6223;Douvrin;14;41321;41660
6224;Étaples;15;30886;31505
6225;Fruges;52;31403;32292
6226;Harnes;6;42992;43260
6227;Hénin-Beaumont-1;4;35038;35302
6228;Hénin-Beaumont-2;6;45241;45640
6229;Lens;3;41162;41435
6230;Liévin;4;39917;40439
6231;Lillers;22;39059;39571
6232;Longuenesse;7;33257;34198
6233;Lumbres;60;32597;33264
6234;Marck;16;38006;38532
6235;Nœux-les-Mines;13;41982;42343
6236;Outreau;11;36902;37487
6237;Saint-Omer;16;35699;36788
6238;Saint-Pol-sur-Ternoise;87;33349;34008
6239;Wingles;9;43882;44173
6301;Aigueperse;24;21695;22064
6302;Ambert;30;18077;18592
6303;Aubière;3;20446;20841
6304;Beaumont;3;20815;21290
6305;Billom;24;22626;23074
6306;Brassac-les-Mines;57;23400;23979
6307;Cébazat;5;18937;19214
6308;Chamalières;2;21824;22603
6309;Châtel-Guyon;8;23278;23720
6310;Clermont-Ferrand-1;1;22428;22573
6311;Clermont-Ferrand-2;1;24192;24636
6312;Clermont-Ferrand-3;1;23628;23915
6313;Clermont-Ferrand-4;1;21837;22110
6314;Clermont-Ferrand-5;1;26595;27222
6315;Clermont-Ferrand-6;1;25206;26176
6316;Cournon-d'Auvergne;2;25469;25923
6317;Gerzat;4;17723;17903
6318;Issoire;10;21077;21628
6319;Lezoux;14;18962;19268
6320;Maringues;20;18106;18368
6321;Les Martres-de-Veyre;11;21971;22360
6322;Les Monts du Livradois;38;17653;18150
6323;Orcines;23;17689;18289
6324;Pont-du-Château;3;21340;22081
6325;Riom;5;24373;25275
6326;Saint-Éloy-les-Mines;35;16294;16793
6327;Saint-Georges-de-Mons;28;18629;18982
6328;Saint-Ours;40;16905;17386
6329;Le Sancy;43;19243;19663
6330;Thiers;13;22738;23259
6331;Vic-le-Comte;19;20586;20964
6401;Anglet;1;23455;24288
6402;Artix et Pays de Soubestre;55;27505;28182
6403;Baïgura et Mondarrain;10;24263;24877
6404;Bayonne-1;2;21255;21815
6405;Bayonne-2;2;27590;27956
6406;Bayonne-3;1;26207;26996
6407;Biarritz;1;25404;26108
6408;Billère et Coteaux de Jurançon;5;22376;22918
6409;Le Cœur de Béarn;47;27318;28049
6410;Hendaye-Côte Basque-Sud;3;28023;28632
6411;Lescar, Gave et Terres du Pont-Long;7;29643;30463
6412;Montagne Basque;66;25294;26562
6413;Nive-Adour;10;26137;26736
6414;Oloron-Sainte-Marie-1;33;20134;20897
6415;Oloron-Sainte-Marie-2;34;21877;22480
6416;Orthez et Terres des Gaves et du Sel;40;26932;28020
6417;Ouzom, Gave et Rives du Neez;18;21878;22510
6418;Pau-1;1;25658;26056
6419;Pau-2;2;24257;24657
6420;Pau-3;3;20891;21609
6421;Pau-4;2;21172;21557
6422;Pays de Bidache, Amikuze et Ostibarre;52;21243;21765
6423;Pays de Morlaàs et du Montanérès;44;23436;24147
6424;Saint-Jean-de-Luz;4;28475;29278
6425;Terres des Luys et Coteaux du Vic-Bilh;72;26120;26880
6426;Ustaritz-Vallées de Nive et Nivelle;9;31855;32689
6427;Vallées de l'Ousse et du Lagoin;29;28911;29838
6501;Aureilhan;3;15732;16147
6502;Bordères-sur-l'Echez;7;14320;14675
6503;Les Coteaux;77;11977;12471
6504;La Haute-Bigorre;14;14964;15455
6505;Lourdes-1;12;11675;11951
6506;Lourdes-2;28;10459;10657
6507;Moyen Adour;15;14912;15290
6508;Neste, Aure et Louron;61;12336;12628
6509;Ossun;17;13127;13395
6510;Tarbes-1;1;13738;14024
6511;Tarbes-2;1;13811;13986
6512;Tarbes-3;1;13969;14580
6513;Val d'Adour-Rustan-Madiranais;43;12095;12354
6514;La Vallée de l'Arros et des Baïses;70;12282;12536
6515;La Vallée de la Barousse;52;15384;15777
6516;La Vallée des Gaves;48;15561;16063
6517;Vic-en-Bigorre;22;12188;12602
6601;Les Aspres;22;30877;31357
6602;Le Canigou;41;20832;21157
6603;La Côte Sableuse;4;30611;31160
6604;La Côte Salanquaise;6;36241;36610
6605;La Côte Vermeille;7;29640;30165
6606;Perpignan-1;1;29038;29328
6607;Perpignan-2;4;30113;30622
6608;Perpignan-3;2;24249;24688
6609;Perpignan-4;1;24055;24363
6610;Perpignan-5;2;26889;27198
6611;Perpignan-6;2;24179;24488
6612;La Plaine d'Illibéris;9;30965;31474
6613;Les Pyrénées catalanes;62;27055;28185
6614;Le Ribéral;7;24063;24452
6615;La Vallée de l'Agly;38;28776;29275
6616;La Vallée de la Têt;10;26588;26974
6617;Vallespir-Albères;13;30281;30872
6701;Bischwiller;21;52146;52702
6702;Bouxwiller;53;49405;50178
6703;Brumath;22;53226;53885
6704;Erstein;28;47838;48569
6705;Haguenau;14;49176;49917
6706;Hœnheim;10;51606;52116
6707;Illkirch-Graffenstaden;4;49130;50006
6708;Ingwiller;75;44114;44883
6709;Lingolsheim;13;50567;51102
6710;Molsheim;31;55434;56422
6711;Mutzig;51;46767;47610
6712;Obernai;25;41366;42494
6713;Reichshoffen;43;48915;49905
6714;Saverne;49;49366;50297
6715;Schiltigheim;2;48987;49365
6716;Sélestat;29;55974;56847
6717;Strasbourg-1;1;46972;47320
6718;Strasbourg-2;1;43902;44173
6719;Strasbourg-3;1;47771;47965
6720;Strasbourg-4;1;43475;44045
6721;Strasbourg-5;1;40484;41154
6722;Strasbourg-6;1;58362;59088
6723;Wissembourg;44;50576;51468
6801;Altkirch;64;47554;48638
6802;Brunstatt;27;40916;41842
6803;Cernay;31;50029;50996
6804;Colmar-1;2;43853;44441
6805;Colmar-2;13;53424;54495
6806;Ensisheim;38;48739;49440
6807;Guebwiller;18;35759;36542
6808;Kingersheim;8;40510;41112
6809;Masevaux;59;38489;39228
6810;Mulhouse-1;1;40195;40639
6811;Mulhouse-2;1;41553;41906
6812;Mulhouse-3;2;42386;42929
6813;Rixheim;12;48696;49695
6814;Saint-Louis;21;56123;57075
6815;Sainte-Marie-aux-Mines;28;44251;45288
6816;Wintzenheim;35;49115;50616
6817;Wittenheim;9;42438;43035
6901;Anse;15;37767;38661
6902;L' Arbresle;26;37982;39064
6903;Belleville;28;35967;36820
6904;Le Bois-d'Oingt;23;29097;29847
6905;Brignais;6;38851;39590
6906;Genas;8;40725;41239
6907;Gleizé;15;32299;33184
6900;Métropole de Lyon (hors cantons);59;1385927;1402326
6908;Mornant;19;40675;41575
6909;Saint-Symphorien-d'Ozon;12;39474;40091
6910;Tarare;18;28674;29388
6911;Thizy-les-Bourgs;21;26708;27363
6912;Vaugneray;18;32316;33148
6913;Villefranche-sur-Saône;1;36857;37303
7001;Dampierre-sur-Salon;50;10885;11221
7002;Gray;24;14155;14753
7003;Héricourt-1;15;15672;15995
7004;Héricourt-2;14;13445;13808
7005;Jussey;65;11995;12310
7006;Lure-1;21;13671;13960
7007;Lure-2;22;13023;13280
7008;Luxeuil-les-Bains;12;14243;14700
7009;Marnay;50;15277;15585
7010;Mélisey;33;11132;11401
7011;Port-sur-Saône;46;14401;14698
7012;Rioz;52;16307;16766
7013;Saint-Loup-sur-Semouse;23;15398;15889
7014;Scey-sur-Saône-et-Saint-Albin;44;12488;12725
7015;Vesoul-1;12;16618;17083
7016;Vesoul-2;13;16072;16886
7017;Villersexel;47;11877;12204
7101;Autun-1;28;18978;19744
7102;Autun-2;27;17174;18155
7103;Blanzy;17;18833;19218
7104;Chagny;27;19756;20479
7105;Chalon-sur-Saône-1;6;19647;20058
7106;Chalon-sur-Saône-2;1;21024;21794
7107;Chalon-sur-Saône-3;2;19233;19943
7108;La Chapelle-de-Guinchay;32;23549;24212
7109;Charolles;32;15176;15954
7110;Chauffailles;39;19473;19960
7111;Cluny;49;15832;16403
7112;Le Creusot-1;3;17399;17663
7113;Le Creusot-2;5;16409;16695
7114;Cuiseaux;28;20205;20544
7115;Digoin;15;18788;19223
7116;Gergy;28;17410;17801
7117;Givry;41;19960;20781
7118;Gueugnon;20;14641;15038
7119;Hurigny;28;22566;23305
7120;Louhans;20;20992;21436
7121;Mâcon-1;3;23449;24015
7122;Mâcon-2;2;20146;20704
7123;Montceau-les-Mines;2;19491;19904
7124;Ouroux-sur-Saône;15;16417;16838
7125;Paray-le-Monial;22;20373;21178
7126;Pierre-de-Bresse;33;16395;16666
7127;Saint-Rémy;9;22250;22794
7128;Saint-Vallier;5;18245;18601
7129;Tournus;31;19784;20425
7201;Bonnétable;23;29744;30241
7202;Changé;8;29115;29891
7203;Château-du-Loir;24;24007;24722
7204;Écommoy;10;28141;28603
7205;La Ferté-Bernard;24;24796;25466
7206;La Flèche;12;25167;26366
7207;Loué;43;29467;30083
7208;Le Lude;22;28438;28932
7209;Mamers;44;26858;27768
7210;Le Mans-1;2;22791;23425
7211;Le Mans-2;5;25056;25579
7212;Le Mans-3;1;29214;30092
7213;Le Mans-4;2;29066;29653
7214;Le Mans-5;1;23884;24431
7215;Le Mans-6;2;28295;28638
7216;Le Mans-7;7;26549;26902
7217;Sablé-sur-Sarthe;16;27987;28836
7218;Saint-Calais;36;26604;27249
7219;Savigné-l'Évêque;15;23679;24046
7220;Sillé-le-Guillaume;48;30590;31187
7221;La Suze-sur-Sarthe;15;27058;27540
7301;Aix-les-Bains-1;10;27878;28539
7302;Aix-les-Bains-2;3;27193;27760
7303;Albertville-1;9;19298;19862
7304;Albertville-2;15;23793;24384
7305;Bourg-Saint-Maurice;12;25337;26195
7306;Bugey savoyard;30;19900;20286
7307;Chambéry-1;2;22501;23239
7308;Chambéry-2;2;22437;22978
7309;Chambéry-3;2;26026;26599
7310;Modane;16;14079;14671
7311;Montmélian;27;24652;25229
7312;La Motte-Servolex;8;26246;27129
7313;Moûtiers;18;25512;26577
7314;Le Pont-de-Beauvoisin;27;20803;21216
7315;La Ravoire;5;23277;24399
7316;Saint-Alban-Leysse;24;23797;24458
7317;Saint-Jean-de-Maurienne;26;22060;22788
7318;Saint-Pierre-d'Albigny;25;18879;19311
7319;Ugine;16;17506;18167
7401;Annecy-1;9;49170;50336
7402;Annecy-2;2;40882;42183
7403;Annecy-le-Vieux;8;54434;56318
7404;Annemasse;3;50899;51494
7405;Bonneville;20;53934;55412
7406;Cluses;16;52837;54026
7407;Évian-les-Bains;33;49892;51264
7408;Faverges;24;40900;42243
7409;Gaillard;10;40523;41441
7410;Le Mont-Blanc;7;30595;31699
7411;La Roche-sur-Foron;27;53254;54741
7412;Rumilly;28;45401;46522
7413;Saint-Julien-en-Genevois;40;62456;63711
7414;Sallanches;9;31642;32680
7415;Sciez;25;47993;48967
7416;Seynod;10;51906;53230
7417;Thonon-les-Bains;12;50642;52150
7601;Barentin;21;40500;41088
7602;Bois-Guillaume;19;44322;45243
7603;Bolbec;20;38683;39269
7604;Canteleu;6;28359;28986
7605;Caudebec-lès-Elbeuf;7;36064;36373
7606;Darnétal;15;37549;38109
7607;Dieppe-1;17;32171;33160
7608;Dieppe-2;22;38654;39441
7609;Elbeuf;6;30758;31191
7610;Eu;40;34927;35630
7611;Fécamp;35;39475;40162
7612;Gournay-en-Bray;67;36074;36965
7613;Le Grand-Quevilly;2;34317;34754
7614;Le Havre-1;1;38169;38563
7615;Le Havre-2;3;34782;35212
7616;Le Havre-3;4;37310;37544
7617;Le Havre-4;1;35464;35756
7618;Le Havre-5;1;32600;33204
7619;Le Havre-6;2;36327;36973
7620;Luneray;72;34904;35537
7621;Le Mesnil-Esnard;42;45670;46709
7622;Mont-Saint-Aignan;2;29342;29807
7623;Neufchâtel-en-Bray;70;34226;35087
7624;Notre-Dame-de-Bondeville;21;42715;43246
7625;Notre-Dame-de-Gravenchon;21;30808;31389
7626;Octeville-sur-Mer;31;35820;36520
7627;Le Petit-Quevilly;2;29492;29934
7628;Rouen-1;1;37898;38540
7629;Rouen-2;1;35034;35655
7630;Rouen-3;1;37213;37565
7631;Saint-Étienne-du-Rouvray;2;33502;33807
7632;Saint-Romain-de-Colbosc;38;33665;34292
7633;Saint-Valery-en-Caux;71;35873;36710
7634;Sotteville-lès-Rouen;2;28502;28830
7635;Yvetot;53;43209;44308
7701;Champs-sur-Marne;4;56258;56599
7702;Chelles;1;54917;55195
7703;Claye-Souilly;30;54040;54587
7704;Combs-la-Ville;5;73038;73732
7705;Coulommiers;50;63855;64806
7706;La Ferté-sous-Jouarre;47;61792;62738
7707;Fontainebleau;34;63288;64797
7708;Fontenay-Trésigny;33;51999;52563
7709;Lagny-sur-Marne;14;68100;68847
7710;Meaux;1;54991;55461
7711;Melun;9;63061;63775
7712;Mitry-Mory;19;61876;62276
7713;Montereau-Fault-Yonne;21;67876;69259
7714;Nangis;46;60097;60848
7715;Nemours;50;59228;60198
7716;Ozoir-la-Ferrière;12;62927;63633
7717;Pontault-Combault;3;68461;68846
7718;Provins;81;57947;59384
7719;Saint-Fargeau-Ponthierry;6;50670;51117
7720;Savigny-le-Temple;6;70379;70991
7721;Serris;24;70375;71164
7722;Torcy;5;54710;55213
7723;Villeparisis;6;54112;54440
7801;Aubergenville;40;69933;71468
7802;Bonnières-sur-Seine;69;59283;60198
7803;Chatou;5;77567;79596
7804;Le Chesnay;5;71649;73121
7805;Conflans-Sainte-Honorine;4;63902;64593
7806;Houilles;3;62137;62929
7807;Limay;20;56615;57207
7808;Mantes-la-Jolie;5;80347;80912
7809;Maurepas;16;70930;72342
7810;Montigny-le-Bretonneux;2;61562;62461
7811;Les Mureaux;10;59256;59733
7812;Plaisir;4;57775;58500
7813;Poissy;3;74617;75195
7814;Rambouillet;36;78907;80698
7815;Saint-Cyr-l'École;6;60309;61449
7816;Saint-Germain-en-Laye;6;75428;78140
7817;Sartrouville;3;81928;83041
7818;Trappes;3;64699;65194
7819;Verneuil-sur-Seine;13;71819;73777
7820;Versailles-1;1;65103;66765
7821;Versailles-2;6;74500;75772
7901;Autize-Egray;26;22441;22877
7902;Bressuire;6;24047;25160
7903;Celles-sur-Belle;22;23053;23537
7904;Cerizay;18;26178;26714
7905;Frontenay-Rohan-Rohan;13;18412;18960
7906;La Gâtine;38;23722;24342
7907;Mauléon;10;23302;23871
7908;Melle;26;20877;21576
7909;Mignon-et-Boutonne;30;18785;19181
7910;Niort-1;1;19948;20468
7911;Niort-2;1;18954;19596
7912;Niort-3;1;19805;20442
7913;Parthenay;11;20742;21344
7914;La Plaine Niortaise;10;25518;26263
7915;Saint-Maixent-l'École;13;25837;26459
7916;Thouars;5;18539;18991
7917;Le Val de Thouet;28;24191;24698
8001;Abbeville-1;24;24555;25141
8002;Abbeville-2;25;24212;24555
8003;Ailly-sur-Noye;52;21648;22108
8004;Ailly-sur-Somme;44;24232;24512
8005;Albert;65;28416;28861
8006;Amiens-1;1;27836;27996
8007;Amiens-2;11;22900;23223
8008;Amiens-3;8;26335;26569
8009;Amiens-4;7;25839;26270
8010;Amiens-5;3;24694;25168
8011;Amiens-6;6;27322;28648
8012;Amiens-7;5;28238;28707
8013;Corbie;40;24403;24703
8014;Doullens;44;20540;21097
8015;Flixecourt;24;20981;21269
8016;Friville-Escarbotin;24;26848;27317
8017;Gamaches;36;23680;24113
8018;Ham;63;29061;29525
8019;Moreuil;42;22882;23122
8020;Péronne;60;27435;27963
8021;Poix-de-Picardie;79;20764;21130
8022;Roye;62;24702;25051
8023;Rue;55;24920;25416
8101;Albi-1;1;15935;16674
8102;Albi-2;6;18335;18926
8103;Albi-3;9;18604;19182
8104;Albi-4;3;18719;19063
8105;Carmaux-1 Le Ségala;33;17419;17738
8106;Carmaux-2 Vallée du Cérou;40;18083;18614
8107;Castres-1;1;17372;17863
8108;Castres-2;7;15400;15954
8109;Castres-3;2;15133;15670
8110;Les Deux Rives;18;14336;14676
8111;Gaillac;3;17718;18109
8112;Graulhet;7;17184;17497
8113;Le Haut Dadou;25;17469;17784
8114;Les Hautes Terres d'Oc;24;12993;13340
8115;Lavaur Cocagne;23;17947;18559
8116;Mazamet-1;9;17295;17652
8117;Mazamet-2 Vallée du Thoré;12;16964;17657
8118;La Montagne noire;15;15399;15889
8119;Le Pastel;15;17262;17644
8120;Plaine de l'Agoût;27;16242;16635
8121;Les Portes du Tarn;10;17308;17774
8122;Saint-Juéry;7;15556;15899
8123;Vignobles et Bastides;25;19217;19613
8201;Aveyron-Lère;6;19469;19915
8202;Beaumont-de-Lomagne;32;13489;13902
8203;Castelsarrasin;6;21100;21542
8204;Garonne-Lomagne-Brulhois;29;13379;13625
8205;Moissac;3;14308;14676
8206;Montauban-1;1;19752;20146
8207;Montauban-2;1;19704;20358
8208;Montauban-3;1;21354;21786
8209;Montech;9;21155;21542
8210;Pays de Serres Sud-Quercy;24;13074;13394
8211;Quercy-Aveyron;15;14814;15133
8212;Quercy-Rouergue;25;13636;13959
8213;Tarn-Tescou-Quercy vert;15;19350;19770
8214;Valence;17;13360;13686
8215;Verdun-sur-Garonne;13;20405;20696
8301;Brignoles;12;40372;41182
8302;La Crau;6;51240;52074
8303;Draguignan;2;45187;46217
8304;Flayosc;34;33819;34449
8305;Fréjus;1;41432;42019
8306;La Garde;3;45075;45763
8307;Garéoult;12;39245;39836
8308;Hyères;1;47731;48620
8309;Le Luc;11;39306;39901
8310;Ollioules;4;41121;41825
8311;Roquebrune-sur-Argens;11;50311;51148
8312;Saint-Cyr-sur-Mer;9;46212;46947
8313;Saint-Maximin-la-Sainte-Baume;19;50524;51594
8314;Saint-Raphaël;3;49032;49921
8315;Sainte-Maxime;10;54651;55656
8316;La Seyne-sur-Mer-1;1;54222;54811
8317;La Seyne-sur-Mer-2;3;48405;49259
8318;Solliès-Pont;6;42255;42844
8319;Toulon-1;1;49784;50125
8320;Toulon-2;1;45016;45414
8321;Toulon-3;3;53934;54707
8322;Toulon-4;1;50968;51598
8323;Vidauban;5;38898;39743
8401;Apt;27;31765;32425
8402;Avignon-1;1;30577;31021
8403;Avignon-2;1;33386;34173
8404;Avignon-3;2;36275;36917
8405;Bollène;9;31066;31684
8406;Carpentras;3;36573;37547
8407;Cavaillon;2;31526;32059
8408;Cheval-Blanc;14;31236;31817
8409;L' Isle-sur-la-Sorgue;5;33355;34081
8410;Monteux;7;36204;36759
8411;Orange;3;36839;37638
8412;Pernes-les-Fontaines;21;33849;34616
8413;Pertuis;15;39433;40346
8414;Le Pontet;5;38102;38819
8415;Sorgues;5;37005;37490
8416;Vaison-la-Romaine;29;28514;29196
8417;Valréas;4;13774;14174
8501;Aizenay;11;46837;47720
8502;Challans;15;46790;47894
8503;Chantonnay;16;43302;44490
8504;La Châtaigneraie;39;31127;31812
8505;Fontenay-le-Comte;28;43108;44496
8506;Les Herbiers;14;44089;45258
8507;L' île-d'Yeu;1;4809;4909
8508;Luçon;21;32334;33341
8509;Mareuil-sur-Lay-Dissais;27;33062;33797
8510;Montaigu;13;46583;47745
8511;Mortagne-sur-Sèvre;15;39274;40512
8512;La Roche-sur-Yon-1;5;41792;44058
8513;La Roche-sur-Yon-2;4;41899;43222
8514;Les Sables-d'Olonne;1;44017;45445
8515;Saint-Hilaire-de-Riez;13;46711;47645
8516;Saint-Jean-de-Monts;14;41208;42044
8517;Talmont-Saint-Hilaire;22;48305;49067
8601;Chasseneuil-du-Poitou;13;22618;23016
8602;Châtellerault-1;8;25577;26198
8603;Châtellerault-2;21;25531;26039
8604;Châtellerault-3;10;22049;22491
8605;Chauvigny;15;21675;22058
8606;Civray;30;18394;18858
8607;Jaunay-Clan;6;22234;22680
8608;Loudun;49;26600;27354
8609;Lusignan;15;19249;19834
8610;Lussac-les-Châteaux;25;18792;19227
8611;Migné-Auxances;16;27032;27507
8612;Montmorillon;26;17961;18681
8613;Poitiers-1;4;23325;23941
8614;Poitiers-2;2;26743;27779
8615;Poitiers-3;1;26531;27138
8616;Poitiers-4;2;20742;21251
8617;Poitiers-5;3;22587;23006
8618;Vivonne;16;26489;26944
8619;Vouneuil-sous-Biard;12;22747;23148
8701;Aixe-sur-Vienne;10;21029;21524
8702;Ambazac;16;18545;18854
8703;Bellac;23;17683;18058
8704;Châteauponsac;31;15534;15971
8705;Condat-sur-Vienne;12;19199;19505
8706;Couzeix;7;20170;20461
8707;Eymoutiers;32;19494;19800
8708;Limoges-1;1;18650;18945
8709;Limoges-2;1;15343;15484
8710;Limoges-3;1;16897;17084
8711;Limoges-4;1;16417;16557
8712;Limoges-5;3;18675;19378
8713;Limoges-6;1;17841;18190
8714;Limoges-7;1;14267;14475
8715;Limoges-8;1;15955;16263
8716;Limoges-9;2;16441;16675
8717;Panazol;2;17095;17388
8718;Rochechouart;22;17367;17612
8719;Saint-Junien;8;20448;20837
8720;Saint-Léonard-de-Noblat;13;16703;16986
8721;Saint-Yrieix-la-Perche;17;20673;21332
8801;La Bresse;15;22628;23246
8802;Bruyères;51;19943;20411
8803;Charmes;52;21072;21399
8804;Darney;81;17773;18311
8805;Épinal-1;8;22762;23549
8806;Épinal-2;9;24383;25502
8807;Gérardmer;16;25121;26106
8808;Golbey;12;25585;26144
8809;Mirecourt;56;17457;18238
8810;Neufchâteau;47;17513;18066
8811;Raon-l'Etape;40;24085;24736
8812;Remiremont;9;25294;26094
8813;Saint-Dié-des-Vosges-1;11;24031;24626
8814;Saint-Dié-des-Vosges-2;26;23844;24540
8815;Le Thillot;10;18020;18504
8816;Le Val-d'Ajol;21;20228;20825
8817;Vittel;45;17934;18689
8901;Auxerre-1;4;13893;14566
8902;Auxerre-2;7;19240;19664
8903;Auxerre-3;7;14760;15527
8904;Auxerre-4;3;14003;14346
8905;Avallon;27;14199;14645
8906;Brienon-sur-Armançon;34;17158;17519
8907;Chablis;58;16785;17147
8908;Charny;17;16780;17138
8909;Cœur de Puisaye;24;16138;16562
8910;Gâtinais en Bourgogne;24;16253;16564
8911;Joigny;15;18650;19213
8912;Joux-la-Ville;42;12845;13108
8913;Migennes;10;16465;16758
8914;Pont-sur-Yonne;10;14019;14258
8915;Saint-Florentin;22;18247;18641
8916;Sens-1;3;20150;20570
8917;Sens-2;6;20020;20602
8918;Thorigny-sur-Oreuse;17;14080;14378
8919;Tonnerrois;52;16158;16649
8920;Villeneuve-sur-Yonne;12;13610;13879
8921;Vincelles;33;14838;15168
9001;Bavilliers;5;14873;15230
9002;Belfort-1;1;15986;16294
9003;Belfort-2;1;17221;17484
9004;Belfort-3;1;14449;14645
9005;Châtenois-les-Forges;16;14637;14944
9006;Delle;16;17351;17623
9007;Giromagny;22;15350;15781
9008;Grandvillars;33;17039;17414
9009;Valdoie;8;15716;16225
9101;Arpajon;16;61995;62659
9102;Athis-Mons;3;58471;59031
9103;Brétigny-sur-Orge;6;62534;63171
9104;Corbeil-Essonnes;4;64961;65357
9105;Dourdan;28;66153;67228
9106;Draveil;5;52837;53556
9107;Épinay-sous-Sénart;9;58071;58642
9108;Étampes;44;63430;64428
9109;Évry;1;67967;68493
9110;Gif-sur-Yvette;12;63681;65169
9111;Longjumeau;8;67850;68598
9112;Massy;2;71014;71462
9113;Mennecy;28;66812;67892
9114;Palaiseau;3;61987;63039
9115;Ris-Orangis;6;60651;61119
9116;Sainte-Geneviève-des-Bois;4;68660;69279
9117;Savigny-sur-Orge;3;57732;58163
9118;Les Ulis;7;54056;54668
9119;Vigneux-sur-Seine;3;58384;58817
9120;Viry-Châtillon;2;59830;60179
9121;Yerres;2;49054;49649
9201;Antony;1;62570;63319
9202;Asnières-sur-Seine;1;68477;68987
9203;Bagneux;2;61585;62120
9204;Boulogne-Billancourt-1;1;67544;68352
9205;Boulogne-Billancourt-2;2;76034;76807
9206;Châtenay-Malabry;3;81730;82625
9207;Châtillon;2;61919;62505
9208;Clamart;2;80700;81515
9209;Clichy;1;61070;61379
9210;Colombes-1;1;71580;72034
9211;Colombes-2;3;71005;71631
9212;Courbevoie-1;2;66849;67437
9213;Courbevoie-2;2;76229;76683
9214;Gennevilliers;2;70678;71050
9215;Issy-les-Moulineaux;1;68451;69277
9216;Levallois-Perret;1;64379;64922
9217;Meudon;2;65872;66854
9218;Montrouge;2;80980;81413
9219;Nanterre-1;1;64552;64919
9220;Nanterre-2;2;78817;79556
9221;Neuilly-sur-Seine;1;60361;61296
9222;Rueil-Malmaison;1;78152;79745
9223;Saint-Cloud;5;69772;71491
9301;Aubervilliers;1;86375;86597
9302;Aulnay-sous-Bois;1;85740;86180
9303;Bagnolet;3;86286;86620
9304;Le Blanc-Mesnil;2;64472;64741
9305;Bobigny;2;95151;95455
9306;Bondy;3;79940;80233
9307;La Courneuve;3;70380;70618
9308;Drancy;1;63629;63893
9309;Épinay-sur-Seine;3;66237;66437
9310;Gagny;2;74351;74647
9311;Livry-Gargan;2;73785;74094
9312;Montreuil-1;2;92341;92748
9313;Montreuil-2;1;63763;64121
9314;Noisy-le-Grand;2;75052;75448
9315;Pantin;2;75432;75708
9316;Saint-Denis-1;1;70019;70240
9317;Saint-Denis-2;2;79836;80531
9318;Saint-Ouen;3;91888;92177
9319;Sevran;2;87846;88135
9320;Tremblay-en-France;4;74826;75214
9321;Villemomble;3;65762;66296
9401;Alfortville;1;43881;44063
9402;Cachan;2;52570;53174
9403;Champigny-sur-Marne-1;1;51932;52175
9404;Champigny-sur-Marne-2;2;44019;44261
9405;Charenton-le-Pont;4;64506;64965
9406;Choisy-le-Roi;2;66237;66521
9407;Créteil-1;1;44781;45001
9408;Créteil-2;1;45824;46119
9409;Fontenay-sous-Bois;2;62090;62620
9410;L' Haÿ-les-Roses;2;59006;59269
9411;Ivry-sur-Seine;1;62052;62294
9412;Le Kremlin-Bicêtre;2;43939;44175
9413;Maisons-Alfort;1;55655;55988
9414;Nogent-sur-Marne;2;65787;66277
9415;Orly;3;50970;51294
9416;Plateau briard;8;59430;59963
9417;Saint-Maur-des-Fossés-1;1;61686;62439
9418;Saint-Maur-des-Fossés-2;4;67900;68474
9419;Thiais;3;54119;54502
9420;Villejuif;1;54753;55047
9421;Villeneuve-Saint-Georges;3;54663;54868
9422;Villiers-sur-Marne;3;65210;65587
9423;Vincennes;2;63359;63900
9424;Vitry-sur-Seine-1;1;47859;48097
9425;Vitry-sur-Seine-2;1;45698;45962
9501;Argenteuil-1;3;59147;59744
9502;Argenteuil-2;1;62901;63188
9503;Argenteuil-3;2;64889;65294
9504;Cergy-1;3;64027;64505
9505;Cergy-2;5;54845;55350
9506;Deuil-la-Barre;4;60140;60557
9507;Domont;11;61380;62113
9508;Ermont;2;54205;54778
9509;Fosses;24;58491;59011
9510;Franconville;2;60923;61326
9511;Garges-lès-Gonesse;2;56955;57166
9512;Goussainville;9;57090;57528
9513;Herblay;3;55629;56015
9514;L' Isle-Adam;15;63964;64629
9515;Montmorency;6;59299;60093
9516;Pontoise;32;54132;55110
9517;Saint-Ouen-l'Aumône;12;56142;56650
9518;Sarcelles;1;58587;58849
9519;Taverny;4;50835;51209
9520;Vauréal;39;52448;53242
9521;Villiers-le-Bel;7;62589;62905
97101;Les Abymes-1;1;16483;16728
97102;Les Abymes-2;1;21610;21824
97103;Les Abymes-3;2;18861;18985
97104;Baie-Mahault-1;1;20057;20310
97105;Baie-Mahault-2;2;23214;23755
97106;Basse-Terre;2;20439;20928
97107;Capesterre-Belle-Eau;1;18270;18417
97108;Le Gosier;1;23320;23608
97109;Lamentin;1;16573;16891
97110;Marie-Galante;3;10760;10993
97112;Morne-à-l'Eau;1;17434;17637
97111;Le Moule;1;22150;22389
97113;Petit-Bourg;2;19490;19818
97114;Petit-Canal;3;18199;18478
97115;Pointe-à-Pitre;1;15923;16048
97116;Saint-François;3;17770;18050
97117;Sainte-Anne;1;20169;20372
97118;Sainte-Rose-1;4;16035;16356
97119;Sainte-Rose-2;1;16147;16418
97120;Trois-Rivières;5;20342;20799
97121;Vieux-Habitants;3;17007;17349
97401;L' Étang-Salé;3;29844;30269
97402;Le Port;1;34128;34438
97403;La Possession;1;33020;33374
97404;Saint-André-1;2;33508;33796
97405;Saint-André-2;1;37086;37339
97406;Saint-André-3;3;29302;29637
97407;Saint-Benoît-1;2;27837;28072
97408;Saint-Benoît-2;3;28165;28410
97409;Saint-Denis-1;1;41343;41672
97410;Saint-Denis-2;1;32585;32957
97411;Saint-Denis-3;1;36561;36904
97412;Saint-Denis-4;1;37442;37780
97413;Saint-Joseph;1;27395;27636
97414;Saint-Leu;2;36110;36609
97415;Saint-Louis-1;1;29801;30139
97416;Saint-Louis-2;3;35922;36323
97417;Saint-Paul-1;1;32883;33256
97418;Saint-Paul-2;1;34735;35233
97419;Saint-Paul-3;1;36901;37398
97420;Saint-Pierre-1;1;35054;35393
97421;Saint-Pierre-2;1;38106;38537
97422;Saint-Pierre-3;3;33463;33956
97423;Sainte-Marie;1;33839;34230
97424;Le Tampon-1;1;39854;40285
97425;Le Tampon-2;1;38775;39420

