COD_VAR;LIB_VAR;COD_MOD;LIB_MOD;TYPE_VAR;LONG_VAR
DEPCOMCAN;Fraction cantonale;0105305;Bourg-en-Bresse-1;CHAR;7
DEPCOMCAN;Fraction cantonale;0105306;Bourg-en-Bresse-2;CHAR;7
DEPCOMCAN;Fraction cantonale;0133804;Belley;CHAR;7
DEPCOMCAN;Fraction cantonale;0133811;Lagnieu;CHAR;7
DEPCOMCAN;Fraction cantonale;0240809;Laon-1;CHAR;7
DEPCOMCAN;Fraction cantonale;0240810;Laon-2;CHAR;7
DEPCOMCAN;Fraction cantonale;0269113;Saint-Quentin-1;CHAR;7
DEPCOMCAN;Fraction cantonale;0269114;Saint-Quentin-2;CHAR;7
DEPCOMCAN;Fraction cantonale;0269115;Saint-Quentin-3;CHAR;7
DEPCOMCAN;Fraction cantonale;0272216;Soissons-1;CHAR;7
DEPCOMCAN;Fraction cantonale;0272217;Soissons-2;CHAR;7
DEPCOMCAN;Fraction cantonale;0318509;Montluçon-1;CHAR;7
DEPCOMCAN;Fraction cantonale;0318510;Montluçon-2;CHAR;7
DEPCOMCAN;Fraction cantonale;0318511;Montluçon-3;CHAR;7
DEPCOMCAN;Fraction cantonale;0318512;Montluçon-4;CHAR;7
DEPCOMCAN;Fraction cantonale;0319013;Moulins-1;CHAR;7
DEPCOMCAN;Fraction cantonale;0319014;Moulins-2;CHAR;7
DEPCOMCAN;Fraction cantonale;0331017;Vichy-1;CHAR;7
DEPCOMCAN;Fraction cantonale;0331018;Vichy-2;CHAR;7
DEPCOMCAN;Fraction cantonale;0407004;Digne-les-Bains-1;CHAR;7
DEPCOMCAN;Fraction cantonale;0407005;Digne-les-Bains-2;CHAR;7
DEPCOMCAN;Fraction cantonale;0411207;Manosque-1;CHAR;7
DEPCOMCAN;Fraction cantonale;0411208;Manosque-2;CHAR;7
DEPCOMCAN;Fraction cantonale;0411209;Manosque-3;CHAR;7
DEPCOMCAN;Fraction cantonale;0502302;Briançon-1;CHAR;7
DEPCOMCAN;Fraction cantonale;0502303;Briançon-2;CHAR;7
DEPCOMCAN;Fraction cantonale;0506106;Gap-1;CHAR;7
DEPCOMCAN;Fraction cantonale;0506107;Gap-2;CHAR;7
DEPCOMCAN;Fraction cantonale;0506108;Gap-3;CHAR;7
DEPCOMCAN;Fraction cantonale;0506109;Gap-4;CHAR;7
DEPCOMCAN;Fraction cantonale;0600401;Antibes-1;CHAR;7
DEPCOMCAN;Fraction cantonale;0600402;Antibes-2;CHAR;7
DEPCOMCAN;Fraction cantonale;0600403;Antibes-3;CHAR;7
DEPCOMCAN;Fraction cantonale;0600425;Valbonne;CHAR;7
DEPCOMCAN;Fraction cantonale;0602705;Cagnes-sur-Mer-1;CHAR;7
DEPCOMCAN;Fraction cantonale;0602706;Cagnes-sur-Mer-2;CHAR;7
DEPCOMCAN;Fraction cantonale;0602907;Cannes-1;CHAR;7
DEPCOMCAN;Fraction cantonale;0602908;Cannes-2;CHAR;7
DEPCOMCAN;Fraction cantonale;0603007;Cannes-1;CHAR;7
DEPCOMCAN;Fraction cantonale;0603009;Le Cannet;CHAR;7
DEPCOMCAN;Fraction cantonale;0606911;Grasse-1;CHAR;7
DEPCOMCAN;Fraction cantonale;0606912;Grasse-2;CHAR;7
DEPCOMCAN;Fraction cantonale;0608815;Nice-1;CHAR;7
DEPCOMCAN;Fraction cantonale;0608816;Nice-2;CHAR;7
DEPCOMCAN;Fraction cantonale;0608817;Nice-3;CHAR;7
DEPCOMCAN;Fraction cantonale;0608818;Nice-4;CHAR;7
DEPCOMCAN;Fraction cantonale;0608819;Nice-5;CHAR;7
DEPCOMCAN;Fraction cantonale;0608820;Nice-6;CHAR;7
DEPCOMCAN;Fraction cantonale;0608821;Nice-7;CHAR;7
DEPCOMCAN;Fraction cantonale;0608822;Nice-8;CHAR;7
DEPCOMCAN;Fraction cantonale;0608823;Nice-9;CHAR;7
DEPCOMCAN;Fraction cantonale;0701001;Annonay-1;CHAR;7
DEPCOMCAN;Fraction cantonale;0701002;Annonay-2;CHAR;7
DEPCOMCAN;Fraction cantonale;0701903;Aubenas-1;CHAR;7
DEPCOMCAN;Fraction cantonale;0701904;Aubenas-2;CHAR;7
DEPCOMCAN;Fraction cantonale;0810504;Charleville-Mézières-1;CHAR;7
DEPCOMCAN;Fraction cantonale;0810505;Charleville-Mézières-2;CHAR;7
DEPCOMCAN;Fraction cantonale;0810506;Charleville-Mézières-3;CHAR;7
DEPCOMCAN;Fraction cantonale;0810507;Charleville-Mézières-4;CHAR;7
DEPCOMCAN;Fraction cantonale;0811514;Sedan-1;CHAR;7
DEPCOMCAN;Fraction cantonale;0811519;Vouziers;CHAR;7
DEPCOMCAN;Fraction cantonale;0840914;Sedan-1;CHAR;7
DEPCOMCAN;Fraction cantonale;0840915;Sedan-2;CHAR;7
DEPCOMCAN;Fraction cantonale;0840916;Sedan-3;CHAR;7
DEPCOMCAN;Fraction cantonale;0849001;Attigny;CHAR;7
DEPCOMCAN;Fraction cantonale;0849019;Vouziers;CHAR;7
DEPCOMCAN;Fraction cantonale;0922507;Pamiers-1;CHAR;7
DEPCOMCAN;Fraction cantonale;0922508;Pamiers-2;CHAR;7
DEPCOMCAN;Fraction cantonale;1038712;Troyes-1;CHAR;7
DEPCOMCAN;Fraction cantonale;1038713;Troyes-2;CHAR;7
DEPCOMCAN;Fraction cantonale;1038714;Troyes-3;CHAR;7
DEPCOMCAN;Fraction cantonale;1038715;Troyes-4;CHAR;7
DEPCOMCAN;Fraction cantonale;1038716;Troyes-5;CHAR;7
DEPCOMCAN;Fraction cantonale;1106902;Carcassonne-1;CHAR;7
DEPCOMCAN;Fraction cantonale;1106903;Carcassonne-2;CHAR;7
DEPCOMCAN;Fraction cantonale;1106904;Carcassonne-3;CHAR;7
DEPCOMCAN;Fraction cantonale;1126211;Narbonne-1;CHAR;7
DEPCOMCAN;Fraction cantonale;1126212;Narbonne-2;CHAR;7
DEPCOMCAN;Fraction cantonale;1126213;Narbonne-3;CHAR;7
DEPCOMCAN;Fraction cantonale;1214511;Millau-1;CHAR;7
DEPCOMCAN;Fraction cantonale;1214512;Millau-2;CHAR;7
DEPCOMCAN;Fraction cantonale;1220216;Rodez-1;CHAR;7
DEPCOMCAN;Fraction cantonale;1220217;Rodez-2;CHAR;7
DEPCOMCAN;Fraction cantonale;1220218;Rodez-Onet;CHAR;7
DEPCOMCAN;Fraction cantonale;1300101;Aix-en-Provence-1;CHAR;7
DEPCOMCAN;Fraction cantonale;1300102;Aix-en-Provence-2;CHAR;7
DEPCOMCAN;Fraction cantonale;1320312;Marseille-1;CHAR;7
DEPCOMCAN;Fraction cantonale;1320313;Marseille-2;CHAR;7
DEPCOMCAN;Fraction cantonale;1320412;Marseille-1;CHAR;7
DEPCOMCAN;Fraction cantonale;1320416;Marseille-5;CHAR;7
DEPCOMCAN;Fraction cantonale;1320418;Marseille-7;CHAR;7
DEPCOMCAN;Fraction cantonale;1320512;Marseille-1;CHAR;7
DEPCOMCAN;Fraction cantonale;1320522;Marseille-11;CHAR;7
DEPCOMCAN;Fraction cantonale;1320622;Marseille-11;CHAR;7
DEPCOMCAN;Fraction cantonale;1320623;Marseille-12;CHAR;7
DEPCOMCAN;Fraction cantonale;1320821;Marseille-10;CHAR;7
DEPCOMCAN;Fraction cantonale;1320823;Marseille-12;CHAR;7
DEPCOMCAN;Fraction cantonale;1320820;Marseille-9;CHAR;7
DEPCOMCAN;Fraction cantonale;1320921;Marseille-10;CHAR;7
DEPCOMCAN;Fraction cantonale;1320920;Marseille-9;CHAR;7
DEPCOMCAN;Fraction cantonale;1321021;Marseille-10;CHAR;7
DEPCOMCAN;Fraction cantonale;1321022;Marseille-11;CHAR;7
DEPCOMCAN;Fraction cantonale;1321019;Marseille-8;CHAR;7
DEPCOMCAN;Fraction cantonale;1321118;Marseille-7;CHAR;7
DEPCOMCAN;Fraction cantonale;1321119;Marseille-8;CHAR;7
DEPCOMCAN;Fraction cantonale;1321218;Marseille-7;CHAR;7
DEPCOMCAN;Fraction cantonale;1321219;Marseille-8;CHAR;7
DEPCOMCAN;Fraction cantonale;1321316;Marseille-5;CHAR;7
DEPCOMCAN;Fraction cantonale;1321317;Marseille-6;CHAR;7
DEPCOMCAN;Fraction cantonale;1321415;Marseille-4;CHAR;7
DEPCOMCAN;Fraction cantonale;1321416;Marseille-5;CHAR;7
DEPCOMCAN;Fraction cantonale;1321514;Marseille-3;CHAR;7
DEPCOMCAN;Fraction cantonale;1321515;Marseille-4;CHAR;7
DEPCOMCAN;Fraction cantonale;1310326;Salon-de-Provence-1;CHAR;7
DEPCOMCAN;Fraction cantonale;1310327;Salon-de-Provence-2;CHAR;7
DEPCOMCAN;Fraction cantonale;1411805;Caen-1;CHAR;7
DEPCOMCAN;Fraction cantonale;1411806;Caen-2;CHAR;7
DEPCOMCAN;Fraction cantonale;1411807;Caen-3;CHAR;7
DEPCOMCAN;Fraction cantonale;1411808;Caen-4;CHAR;7
DEPCOMCAN;Fraction cantonale;1411809;Caen-5;CHAR;7
DEPCOMCAN;Fraction cantonale;1402701;Aunay-sur-Odon;CHAR;7
DEPCOMCAN;Fraction cantonale;1402710;Condé-sur-Noireau;CHAR;7
DEPCOMCAN;Fraction cantonale;1501402;Aurillac-1;CHAR;7
DEPCOMCAN;Fraction cantonale;1501403;Aurillac-2;CHAR;7
DEPCOMCAN;Fraction cantonale;1501404;Aurillac-3;CHAR;7
DEPCOMCAN;Fraction cantonale;1514209;Neuvéglise;CHAR;7
DEPCOMCAN;Fraction cantonale;1514212;Saint-Flour-2;CHAR;7
DEPCOMCAN;Fraction cantonale;1502701;Arpajon-sur-Cère;CHAR;7
DEPCOMCAN;Fraction cantonale;1502706;Maurs;CHAR;7
DEPCOMCAN;Fraction cantonale;1518711;Saint-Flour-1;CHAR;7
DEPCOMCAN;Fraction cantonale;1518712;Saint-Flour-2;CHAR;7
DEPCOMCAN;Fraction cantonale;1601501;Angoulême-1;CHAR;7
DEPCOMCAN;Fraction cantonale;1601502;Angoulême-2;CHAR;7
DEPCOMCAN;Fraction cantonale;1601503;Angoulême-3;CHAR;7
DEPCOMCAN;Fraction cantonale;1610211;Cognac-1;CHAR;7
DEPCOMCAN;Fraction cantonale;1610212;Cognac-2;CHAR;7
DEPCOMCAN;Fraction cantonale;1619206;Charente-Bonnieure;CHAR;7
DEPCOMCAN;Fraction cantonale;1619210;Charente-Vienne;CHAR;7
DEPCOMCAN;Fraction cantonale;1745718;Saint-Jean-d'Angély;CHAR;7
DEPCOMCAN;Fraction cantonale;1745723;Surgères;CHAR;7
DEPCOMCAN;Fraction cantonale;1730014;La Rochelle-1;CHAR;7
DEPCOMCAN;Fraction cantonale;1730015;La Rochelle-2;CHAR;7
DEPCOMCAN;Fraction cantonale;1730016;La Rochelle-3;CHAR;7
DEPCOMCAN;Fraction cantonale;1803303;Bourges-1;CHAR;7
DEPCOMCAN;Fraction cantonale;1803304;Bourges-2;CHAR;7
DEPCOMCAN;Fraction cantonale;1803305;Bourges-3;CHAR;7
DEPCOMCAN;Fraction cantonale;1803306;Bourges-4;CHAR;7
DEPCOMCAN;Fraction cantonale;1827918;Vierzon-1;CHAR;7
DEPCOMCAN;Fraction cantonale;1827919;Vierzon-2;CHAR;7
DEPCOMCAN;Fraction cantonale;1901002;Argentat;CHAR;7
DEPCOMCAN;Fraction cantonale;1901014;Sainte-Fortunade;CHAR;7
DEPCOMCAN;Fraction cantonale;1903103;Brive-la-Gaillarde-1;CHAR;7
DEPCOMCAN;Fraction cantonale;1903104;Brive-la-Gaillarde-2;CHAR;7
DEPCOMCAN;Fraction cantonale;1903105;Brive-la-Gaillarde-3;CHAR;7
DEPCOMCAN;Fraction cantonale;1903106;Brive-la-Gaillarde-4;CHAR;7
DEPCOMCAN;Fraction cantonale;2A00401;Ajaccio-1;CHAR;7
DEPCOMCAN;Fraction cantonale;2A00402;Ajaccio-2;CHAR;7
DEPCOMCAN;Fraction cantonale;2A00403;Ajaccio-3;CHAR;7
DEPCOMCAN;Fraction cantonale;2A00404;Ajaccio-4;CHAR;7
DEPCOMCAN;Fraction cantonale;2A00405;Ajaccio-5;CHAR;7
DEPCOMCAN;Fraction cantonale;2A24706;Bavella;CHAR;7
DEPCOMCAN;Fraction cantonale;2A24707;Grand Sud;CHAR;7
DEPCOMCAN;Fraction cantonale;2B03301;Bastia-1;CHAR;7
DEPCOMCAN;Fraction cantonale;2B03302;Bastia-2;CHAR;7
DEPCOMCAN;Fraction cantonale;2B03303;Bastia-3;CHAR;7
DEPCOMCAN;Fraction cantonale;2B03304;Bastia-4;CHAR;7
DEPCOMCAN;Fraction cantonale;2123108;Dijon-1;CHAR;7
DEPCOMCAN;Fraction cantonale;2123109;Dijon-2;CHAR;7
DEPCOMCAN;Fraction cantonale;2123110;Dijon-3;CHAR;7
DEPCOMCAN;Fraction cantonale;2123111;Dijon-4;CHAR;7
DEPCOMCAN;Fraction cantonale;2123112;Dijon-5;CHAR;7
DEPCOMCAN;Fraction cantonale;2123113;Dijon-6;CHAR;7
DEPCOMCAN;Fraction cantonale;2209306;Lamballe;CHAR;7
DEPCOMCAN;Fraction cantonale;2209317;Pléneuf-Val-André;CHAR;7
DEPCOMCAN;Fraction cantonale;2227824;Saint-Brieuc-1;CHAR;7
DEPCOMCAN;Fraction cantonale;2227825;Saint-Brieuc-2;CHAR;7
DEPCOMCAN;Fraction cantonale;2309612;Guéret-1;CHAR;7
DEPCOMCAN;Fraction cantonale;2309613;Guéret-2;CHAR;7
DEPCOMCAN;Fraction cantonale;2402605;Le Haut-Périgord Noir;CHAR;7
DEPCOMCAN;Fraction cantonale;2402607;Isle-Manoire;CHAR;7
DEPCOMCAN;Fraction cantonale;2403701;Bergerac-1;CHAR;7
DEPCOMCAN;Fraction cantonale;2403702;Bergerac-2;CHAR;7
DEPCOMCAN;Fraction cantonale;2436420;Terrasson-Lavilledieu;CHAR;7
DEPCOMCAN;Fraction cantonale;2436425;Vallée de l'Homme;CHAR;7
DEPCOMCAN;Fraction cantonale;2432214;Périgueux-1;CHAR;7
DEPCOMCAN;Fraction cantonale;2432215;Périgueux-2;CHAR;7
DEPCOMCAN;Fraction cantonale;2431207;Isle-Manoire;CHAR;7
DEPCOMCAN;Fraction cantonale;2431212;Périgord Central;CHAR;7
DEPCOMCAN;Fraction cantonale;2505604;Besançon-1;CHAR;7
DEPCOMCAN;Fraction cantonale;2505605;Besançon-2;CHAR;7
DEPCOMCAN;Fraction cantonale;2505606;Besançon-3;CHAR;7
DEPCOMCAN;Fraction cantonale;2505607;Besançon-4;CHAR;7
DEPCOMCAN;Fraction cantonale;2505608;Besançon-5;CHAR;7
DEPCOMCAN;Fraction cantonale;2505609;Besançon-6;CHAR;7
DEPCOMCAN;Fraction cantonale;2522215;Ornans;CHAR;7
DEPCOMCAN;Fraction cantonale;2522218;Valdahon;CHAR;7
DEPCOMCAN;Fraction cantonale;2524508;Besançon-5;CHAR;7
DEPCOMCAN;Fraction cantonale;2524509;Besançon-6;CHAR;7
DEPCOMCAN;Fraction cantonale;2533411;Frasne;CHAR;7
DEPCOMCAN;Fraction cantonale;2533415;Ornans;CHAR;7
DEPCOMCAN;Fraction cantonale;2619808;Montélimar-1;CHAR;7
DEPCOMCAN;Fraction cantonale;2619809;Montélimar-2;CHAR;7
DEPCOMCAN;Fraction cantonale;2628101;Bourg-de-Péage;CHAR;7
DEPCOMCAN;Fraction cantonale;2628111;Romans-sur-Isère;CHAR;7
DEPCOMCAN;Fraction cantonale;2636215;Valence-1;CHAR;7
DEPCOMCAN;Fraction cantonale;2636216;Valence-2;CHAR;7
DEPCOMCAN;Fraction cantonale;2636217;Valence-3;CHAR;7
DEPCOMCAN;Fraction cantonale;2636218;Valence-4;CHAR;7
DEPCOMCAN;Fraction cantonale;2722909;Évreux-1;CHAR;7
DEPCOMCAN;Fraction cantonale;2722910;Évreux-2;CHAR;7
DEPCOMCAN;Fraction cantonale;2722911;Évreux-3;CHAR;7
DEPCOMCAN;Fraction cantonale;2715706;Breteuil;CHAR;7
DEPCOMCAN;Fraction cantonale;2715722;Verneuil-sur-Avre;CHAR;7
DEPCOMCAN;Fraction cantonale;2719806;Breteuil;CHAR;7
DEPCOMCAN;Fraction cantonale;2719822;Verneuil-sur-Avre;CHAR;7
DEPCOMCAN;Fraction cantonale;2742502;Bernay;CHAR;7
DEPCOMCAN;Fraction cantonale;2742507;Brionne;CHAR;7
DEPCOMCAN;Fraction cantonale;2726304;Bourg-Achard;CHAR;7
DEPCOMCAN;Fraction cantonale;2726317;Pont-Audemer;CHAR;7
DEPCOMCAN;Fraction cantonale;2708905;Bourgtheroulde-Infreville;CHAR;7
DEPCOMCAN;Fraction cantonale;2708917;Pont-Audemer;CHAR;7
DEPCOMCAN;Fraction cantonale;2751602;Bernay;CHAR;7
DEPCOMCAN;Fraction cantonale;2751606;Breteuil;CHAR;7
DEPCOMCAN;Fraction cantonale;2767906;Breteuil;CHAR;7
DEPCOMCAN;Fraction cantonale;2767922;Verneuil-sur-Avre;CHAR;7
DEPCOMCAN;Fraction cantonale;2808504;Chartres-1;CHAR;7
DEPCOMCAN;Fraction cantonale;2808505;Chartres-2;CHAR;7
DEPCOMCAN;Fraction cantonale;2808506;Chartres-3;CHAR;7
DEPCOMCAN;Fraction cantonale;2812703;Brou;CHAR;7
DEPCOMCAN;Fraction cantonale;2812707;Châteaudun;CHAR;7
DEPCOMCAN;Fraction cantonale;2813408;Dreux-1;CHAR;7
DEPCOMCAN;Fraction cantonale;2813409;Dreux-2;CHAR;7
DEPCOMCAN;Fraction cantonale;2818302;Auneau;CHAR;7
DEPCOMCAN;Fraction cantonale;2818315;Voves;CHAR;7
DEPCOMCAN;Fraction cantonale;2901901;Brest-1;CHAR;7
DEPCOMCAN;Fraction cantonale;2901902;Brest-2;CHAR;7
DEPCOMCAN;Fraction cantonale;2901903;Brest-3;CHAR;7
DEPCOMCAN;Fraction cantonale;2901904;Brest-4;CHAR;7
DEPCOMCAN;Fraction cantonale;2901905;Brest-5;CHAR;7
DEPCOMCAN;Fraction cantonale;2923223;Quimper-1;CHAR;7
DEPCOMCAN;Fraction cantonale;2923224;Quimper-2;CHAR;7
DEPCOMCAN;Fraction cantonale;3000702;Alès-1;CHAR;7
DEPCOMCAN;Fraction cantonale;3000703;Alès-2;CHAR;7
DEPCOMCAN;Fraction cantonale;3000704;Alès-3;CHAR;7
DEPCOMCAN;Fraction cantonale;3018910;Nîmes-1;CHAR;7
DEPCOMCAN;Fraction cantonale;3018911;Nîmes-2;CHAR;7
DEPCOMCAN;Fraction cantonale;3018912;Nîmes-3;CHAR;7
DEPCOMCAN;Fraction cantonale;3018913;Nîmes-4;CHAR;7
DEPCOMCAN;Fraction cantonale;3018919;Saint-Gilles;CHAR;7
DEPCOMCAN;Fraction cantonale;3155515;Toulouse-1;CHAR;7
DEPCOMCAN;Fraction cantonale;3155524;Toulouse-10;CHAR;7
DEPCOMCAN;Fraction cantonale;3155525;Toulouse-11;CHAR;7
DEPCOMCAN;Fraction cantonale;3155516;Toulouse-2;CHAR;7
DEPCOMCAN;Fraction cantonale;3155517;Toulouse-3;CHAR;7
DEPCOMCAN;Fraction cantonale;3155518;Toulouse-4;CHAR;7
DEPCOMCAN;Fraction cantonale;3155519;Toulouse-5;CHAR;7
DEPCOMCAN;Fraction cantonale;3155520;Toulouse-6;CHAR;7
DEPCOMCAN;Fraction cantonale;3155521;Toulouse-7;CHAR;7
DEPCOMCAN;Fraction cantonale;3155522;Toulouse-8;CHAR;7
DEPCOMCAN;Fraction cantonale;3155523;Toulouse-9;CHAR;7
DEPCOMCAN;Fraction cantonale;3201304;Auch-1;CHAR;7
DEPCOMCAN;Fraction cantonale;3201305;Auch-2;CHAR;7
DEPCOMCAN;Fraction cantonale;3201306;Auch-3;CHAR;7
DEPCOMCAN;Fraction cantonale;3303931;Talence;CHAR;7
DEPCOMCAN;Fraction cantonale;3303933;Villenave-d'Ornon;CHAR;7
DEPCOMCAN;Fraction cantonale;3306302;Bordeaux-1;CHAR;7
DEPCOMCAN;Fraction cantonale;3306303;Bordeaux-2;CHAR;7
DEPCOMCAN;Fraction cantonale;3306304;Bordeaux-3;CHAR;7
DEPCOMCAN;Fraction cantonale;3306305;Bordeaux-4;CHAR;7
DEPCOMCAN;Fraction cantonale;3306306;Bordeaux-5;CHAR;7
DEPCOMCAN;Fraction cantonale;3310627;Le Réolais et Les Bastides;CHAR;7
DEPCOMCAN;Fraction cantonale;3310629;Le Sud-Gironde;CHAR;7
DEPCOMCAN;Fraction cantonale;3328118;Mérignac-1;CHAR;7
DEPCOMCAN;Fraction cantonale;3328119;Mérignac-2;CHAR;7
DEPCOMCAN;Fraction cantonale;3331823;Pessac-1;CHAR;7
DEPCOMCAN;Fraction cantonale;3331824;Pessac-2;CHAR;7
DEPCOMCAN;Fraction cantonale;3403202;Béziers-1;CHAR;7
DEPCOMCAN;Fraction cantonale;3403203;Béziers-2;CHAR;7
DEPCOMCAN;Fraction cantonale;3403204;Béziers-3;CHAR;7
DEPCOMCAN;Fraction cantonale;3417220;Montpellier - Castelnau-le-Lez;CHAR;7
DEPCOMCAN;Fraction cantonale;3417215;Montpellier-1;CHAR;7
DEPCOMCAN;Fraction cantonale;3417216;Montpellier-2;CHAR;7
DEPCOMCAN;Fraction cantonale;3417217;Montpellier-3;CHAR;7
DEPCOMCAN;Fraction cantonale;3417218;Montpellier-4;CHAR;7
DEPCOMCAN;Fraction cantonale;3417219;Montpellier-5;CHAR;7
DEPCOMCAN;Fraction cantonale;3511508;Fougères-1;CHAR;7
DEPCOMCAN;Fraction cantonale;3511509;Fougères-2;CHAR;7
DEPCOMCAN;Fraction cantonale;3516308;Fougères-1;CHAR;7
DEPCOMCAN;Fraction cantonale;3516309;Fougères-2;CHAR;7
DEPCOMCAN;Fraction cantonale;3523818;Rennes-1;CHAR;7
DEPCOMCAN;Fraction cantonale;3523819;Rennes-2;CHAR;7
DEPCOMCAN;Fraction cantonale;3523820;Rennes-3;CHAR;7
DEPCOMCAN;Fraction cantonale;3523821;Rennes-4;CHAR;7
DEPCOMCAN;Fraction cantonale;3523822;Rennes-5;CHAR;7
DEPCOMCAN;Fraction cantonale;3523823;Rennes-6;CHAR;7
DEPCOMCAN;Fraction cantonale;3528825;Saint-Malo-1;CHAR;7
DEPCOMCAN;Fraction cantonale;3528826;Saint-Malo-2;CHAR;7
DEPCOMCAN;Fraction cantonale;3604405;Châteauroux-1;CHAR;7
DEPCOMCAN;Fraction cantonale;3604406;Châteauroux-2;CHAR;7
DEPCOMCAN;Fraction cantonale;3604407;Châteauroux-3;CHAR;7
DEPCOMCAN;Fraction cantonale;3620204;Buzançais;CHAR;7
DEPCOMCAN;Fraction cantonale;3620210;Levroux;CHAR;7
DEPCOMCAN;Fraction cantonale;3726115;Tours-1;CHAR;7
DEPCOMCAN;Fraction cantonale;3726116;Tours-2;CHAR;7
DEPCOMCAN;Fraction cantonale;3726117;Tours-3;CHAR;7
DEPCOMCAN;Fraction cantonale;3726118;Tours-4;CHAR;7
DEPCOMCAN;Fraction cantonale;3816906;Fontaine-Seyssinet;CHAR;7
DEPCOMCAN;Fraction cantonale;3816907;Fontaine-Vercors;CHAR;7
DEPCOMCAN;Fraction cantonale;3818509;Grenoble-1;CHAR;7
DEPCOMCAN;Fraction cantonale;3818510;Grenoble-2;CHAR;7
DEPCOMCAN;Fraction cantonale;3818511;Grenoble-3;CHAR;7
DEPCOMCAN;Fraction cantonale;3818512;Grenoble-4;CHAR;7
DEPCOMCAN;Fraction cantonale;3854427;Vienne-1;CHAR;7
DEPCOMCAN;Fraction cantonale;3854428;Vienne-2;CHAR;7
DEPCOMCAN;Fraction cantonale;3901703;Bletterans;CHAR;7
DEPCOMCAN;Fraction cantonale;3901712;Poligny;CHAR;7
DEPCOMCAN;Fraction cantonale;3901809;Moirans-en-Montagne;CHAR;7
DEPCOMCAN;Fraction cantonale;3901813;Saint-Amour;CHAR;7
DEPCOMCAN;Fraction cantonale;3902109;Moirans-en-Montagne;CHAR;7
DEPCOMCAN;Fraction cantonale;3902113;Saint-Amour;CHAR;7
DEPCOMCAN;Fraction cantonale;3949114;Saint-Claude;CHAR;7
DEPCOMCAN;Fraction cantonale;3949116;Saint-Lupicin;CHAR;7
DEPCOMCAN;Fraction cantonale;3919002;Authume;CHAR;7
DEPCOMCAN;Fraction cantonale;3919010;Mont-sous-Vaudrey;CHAR;7
DEPCOMCAN;Fraction cantonale;3919805;Dole-1;CHAR;7
DEPCOMCAN;Fraction cantonale;3919806;Dole-2;CHAR;7
DEPCOMCAN;Fraction cantonale;3919903;Bletterans;CHAR;7
DEPCOMCAN;Fraction cantonale;3919912;Poligny;CHAR;7
DEPCOMCAN;Fraction cantonale;3928609;Moirans-en-Montagne;CHAR;7
DEPCOMCAN;Fraction cantonale;3928616;Saint-Lupicin;CHAR;7
DEPCOMCAN;Fraction cantonale;3930007;Lons-le-Saunier-1;CHAR;7
DEPCOMCAN;Fraction cantonale;3930008;Lons-le-Saunier-2;CHAR;7
DEPCOMCAN;Fraction cantonale;3913014;Saint-Claude;CHAR;7
DEPCOMCAN;Fraction cantonale;3913015;Saint-Laurent-en-Grandvaux;CHAR;7
DEPCOMCAN;Fraction cantonale;3953708;Lons-le-Saunier-2;CHAR;7
DEPCOMCAN;Fraction cantonale;3953713;Saint-Amour;CHAR;7
DEPCOMCAN;Fraction cantonale;4008805;Dax-1;CHAR;7
DEPCOMCAN;Fraction cantonale;4008806;Dax-2;CHAR;7
DEPCOMCAN;Fraction cantonale;4019210;Mont-de-Marsan-1;CHAR;7
DEPCOMCAN;Fraction cantonale;4019211;Mont-de-Marsan-2;CHAR;7
DEPCOMCAN;Fraction cantonale;4101802;Blois-1;CHAR;7
DEPCOMCAN;Fraction cantonale;4101803;Blois-2;CHAR;7
DEPCOMCAN;Fraction cantonale;4101804;Blois-3;CHAR;7
DEPCOMCAN;Fraction cantonale;4101815;Vineuil;CHAR;7
DEPCOMCAN;Fraction cantonale;4105904;Blois-3;CHAR;7
DEPCOMCAN;Fraction cantonale;4105907;Montrichard;CHAR;7
DEPCOMCAN;Fraction cantonale;4218711;Roanne-1;CHAR;7
DEPCOMCAN;Fraction cantonale;4218712;Roanne-2;CHAR;7
DEPCOMCAN;Fraction cantonale;4221814;Saint-Etienne-1;CHAR;7
DEPCOMCAN;Fraction cantonale;4221815;Saint-Etienne-2;CHAR;7
DEPCOMCAN;Fraction cantonale;4221816;Saint-Etienne-3;CHAR;7
DEPCOMCAN;Fraction cantonale;4221817;Saint-Etienne-4;CHAR;7
DEPCOMCAN;Fraction cantonale;4221818;Saint-Etienne-5;CHAR;7
DEPCOMCAN;Fraction cantonale;4221819;Saint-Etienne-6;CHAR;7
DEPCOMCAN;Fraction cantonale;4315712;Le Puy-en-Velay-1;CHAR;7
DEPCOMCAN;Fraction cantonale;4315713;Le Puy-en-Velay-2;CHAR;7
DEPCOMCAN;Fraction cantonale;4315714;Le Puy-en-Velay-3;CHAR;7
DEPCOMCAN;Fraction cantonale;4315715;Le Puy-en-Velay-4;CHAR;7
DEPCOMCAN;Fraction cantonale;4400510;Machecoul;CHAR;7
DEPCOMCAN;Fraction cantonale;4400520;Pornic;CHAR;7
DEPCOMCAN;Fraction cantonale;4410911;Nantes-1;CHAR;7
DEPCOMCAN;Fraction cantonale;4410912;Nantes-2;CHAR;7
DEPCOMCAN;Fraction cantonale;4410913;Nantes-3;CHAR;7
DEPCOMCAN;Fraction cantonale;4410914;Nantes-4;CHAR;7
DEPCOMCAN;Fraction cantonale;4410915;Nantes-5;CHAR;7
DEPCOMCAN;Fraction cantonale;4410916;Nantes-6;CHAR;7
DEPCOMCAN;Fraction cantonale;4410917;Nantes-7;CHAR;7
DEPCOMCAN;Fraction cantonale;4414321;Rezé-1;CHAR;7
DEPCOMCAN;Fraction cantonale;4414322;Rezé-2;CHAR;7
DEPCOMCAN;Fraction cantonale;4416224;Saint-Herblain-1;CHAR;7
DEPCOMCAN;Fraction cantonale;4416225;Saint-Herblain-2;CHAR;7
DEPCOMCAN;Fraction cantonale;4418426;Saint-Nazaire-1;CHAR;7
DEPCOMCAN;Fraction cantonale;4418427;Saint-Nazaire-2;CHAR;7
DEPCOMCAN;Fraction cantonale;4523405;La Ferté-Saint-Aubin;CHAR;7
DEPCOMCAN;Fraction cantonale;4523413;Orléans-1;CHAR;7
DEPCOMCAN;Fraction cantonale;4523414;Orléans-2;CHAR;7
DEPCOMCAN;Fraction cantonale;4523415;Orléans-3;CHAR;7
DEPCOMCAN;Fraction cantonale;4523416;Orléans-4;CHAR;7
DEPCOMCAN;Fraction cantonale;4604201;Cahors-1;CHAR;7
DEPCOMCAN;Fraction cantonale;4604202;Cahors-2;CHAR;7
DEPCOMCAN;Fraction cantonale;4604203;Cahors-3;CHAR;7
DEPCOMCAN;Fraction cantonale;4613804;Causse et Bouriane;CHAR;7
DEPCOMCAN;Fraction cantonale;4613805;Causse et Vallées;CHAR;7
DEPCOMCAN;Fraction cantonale;4610207;Figeac-1;CHAR;7
DEPCOMCAN;Fraction cantonale;4610208;Figeac-2;CHAR;7
DEPCOMCAN;Fraction cantonale;4603312;Luzech;CHAR;7
DEPCOMCAN;Fraction cantonale;4603315;Puy-l'Evêque;CHAR;7
DEPCOMCAN;Fraction cantonale;4626802;Cahors-2;CHAR;7
DEPCOMCAN;Fraction cantonale;4626805;Causse et Vallées;CHAR;7
DEPCOMCAN;Fraction cantonale;4700101;Agen-1;CHAR;7
DEPCOMCAN;Fraction cantonale;4700102;Agen-2;CHAR;7
DEPCOMCAN;Fraction cantonale;4700103;Agen-3;CHAR;7
DEPCOMCAN;Fraction cantonale;4700104;Agen-4;CHAR;7
DEPCOMCAN;Fraction cantonale;4715713;Marmande-1;CHAR;7
DEPCOMCAN;Fraction cantonale;4715714;Marmande-2;CHAR;7
DEPCOMCAN;Fraction cantonale;4732320;Villeneuve-sur-Lot-1;CHAR;7
DEPCOMCAN;Fraction cantonale;4732321;Villeneuve-sur-Lot-2;CHAR;7
DEPCOMCAN;Fraction cantonale;4814602;La Canourgue;CHAR;7
DEPCOMCAN;Fraction cantonale;4814605;Florac;CHAR;7
DEPCOMCAN;Fraction cantonale;4809509;Mende-1;CHAR;7
DEPCOMCAN;Fraction cantonale;4809510;Mende-2;CHAR;7
DEPCOMCAN;Fraction cantonale;4802706;Grandrieu;CHAR;7
DEPCOMCAN;Fraction cantonale;4802713;Saint-Etienne-du-Valdonnez;CHAR;7
DEPCOMCAN;Fraction cantonale;4812708;Marvejols;CHAR;7
DEPCOMCAN;Fraction cantonale;4812711;Saint-Alban-sur-Limagnole;CHAR;7
DEPCOMCAN;Fraction cantonale;4900701;Angers-1;CHAR;7
DEPCOMCAN;Fraction cantonale;4900702;Angers-2;CHAR;7
DEPCOMCAN;Fraction cantonale;4900703;Angers-3;CHAR;7
DEPCOMCAN;Fraction cantonale;4900704;Angers-4;CHAR;7
DEPCOMCAN;Fraction cantonale;4900705;Angers-5;CHAR;7
DEPCOMCAN;Fraction cantonale;4900706;Angers-6;CHAR;7
DEPCOMCAN;Fraction cantonale;4900707;Angers-7;CHAR;7
DEPCOMCAN;Fraction cantonale;4906014;Doué-la-Fontaine;CHAR;7
DEPCOMCAN;Fraction cantonale;4906019;Saumur;CHAR;7
DEPCOMCAN;Fraction cantonale;4905014;Doué-la-Fontaine;CHAR;7
DEPCOMCAN;Fraction cantonale;4905017;Les Ponts-de-Cé;CHAR;7
DEPCOMCAN;Fraction cantonale;4909912;Cholet-1;CHAR;7
DEPCOMCAN;Fraction cantonale;4909913;Cholet-2;CHAR;7
DEPCOMCAN;Fraction cantonale;4936710;Chalonnes-sur-Loire;CHAR;7
DEPCOMCAN;Fraction cantonale;4936721;Tiercé;CHAR;7
DEPCOMCAN;Fraction cantonale;4926114;Doué-la-Fontaine;CHAR;7
DEPCOMCAN;Fraction cantonale;4926115;Longué-Jumelles;CHAR;7
DEPCOMCAN;Fraction cantonale;4920004;Angers-4;CHAR;7
DEPCOMCAN;Fraction cantonale;4920021;Tiercé;CHAR;7
DEPCOMCAN;Fraction cantonale;4929210;Chalonnes-sur-Loire;CHAR;7
DEPCOMCAN;Fraction cantonale;4929211;Chemillé-Melay;CHAR;7
DEPCOMCAN;Fraction cantonale;5002502;Avranches;CHAR;7
DEPCOMCAN;Fraction cantonale;5002515;Isigny-le-Buat;CHAR;7
DEPCOMCAN;Fraction cantonale;5009905;Carentan;CHAR;7
DEPCOMCAN;Fraction cantonale;5009918;Pont-Hébert;CHAR;7
DEPCOMCAN;Fraction cantonale;5012906;Cherbourg-Octeville-1;CHAR;7
DEPCOMCAN;Fraction cantonale;5012907;Cherbourg-Octeville-2;CHAR;7
DEPCOMCAN;Fraction cantonale;5012908;Cherbourg-Octeville-3;CHAR;7
DEPCOMCAN;Fraction cantonale;5012912;Équeurdreville-Hainneville;CHAR;7
DEPCOMCAN;Fraction cantonale;5012914;La Hague;CHAR;7
DEPCOMCAN;Fraction cantonale;5012924;Tourlaville;CHAR;7
DEPCOMCAN;Fraction cantonale;5021501;Agon-Coutainville;CHAR;7
DEPCOMCAN;Fraction cantonale;5021510;Coutances;CHAR;7
DEPCOMCAN;Fraction cantonale;5053502;Avranches;CHAR;7
DEPCOMCAN;Fraction cantonale;5053503;Bréhal;CHAR;7
DEPCOMCAN;Fraction cantonale;5053515;Isigny-le-Buat;CHAR;7
DEPCOMCAN;Fraction cantonale;5040004;Bricquebec;CHAR;7
DEPCOMCAN;Fraction cantonale;5040005;Carentan;CHAR;7
DEPCOMCAN;Fraction cantonale;5041211;Créances;CHAR;7
DEPCOMCAN;Fraction cantonale;5041217;Les Pieux;CHAR;7
DEPCOMCAN;Fraction cantonale;5043118;Pont-Hébert;CHAR;7
DEPCOMCAN;Fraction cantonale;5043122;Saint-Lô-1;CHAR;7
DEPCOMCAN;Fraction cantonale;5049209;Condé-sur-Vire;CHAR;7
DEPCOMCAN;Fraction cantonale;5049218;Pont-Hébert;CHAR;7
DEPCOMCAN;Fraction cantonale;5050222;Saint-Lô-1;CHAR;7
DEPCOMCAN;Fraction cantonale;5050223;Saint-Lô-2;CHAR;7
DEPCOMCAN;Fraction cantonale;5055001;Agon-Coutainville;CHAR;7
DEPCOMCAN;Fraction cantonale;5055010;Coutances;CHAR;7
DEPCOMCAN;Fraction cantonale;5056502;Avranches;CHAR;7
DEPCOMCAN;Fraction cantonale;5056503;Bréhal;CHAR;7
DEPCOMCAN;Fraction cantonale;5110803;Châlons-en-Champagne-1;CHAR;7
DEPCOMCAN;Fraction cantonale;5110804;Châlons-en-Champagne-2;CHAR;7
DEPCOMCAN;Fraction cantonale;5110805;Châlons-en-Champagne-3;CHAR;7
DEPCOMCAN;Fraction cantonale;5123007;Épernay-1;CHAR;7
DEPCOMCAN;Fraction cantonale;5123008;Épernay-2;CHAR;7
DEPCOMCAN;Fraction cantonale;5145411;Reims-1;CHAR;7
DEPCOMCAN;Fraction cantonale;5145412;Reims-2;CHAR;7
DEPCOMCAN;Fraction cantonale;5145413;Reims-3;CHAR;7
DEPCOMCAN;Fraction cantonale;5145414;Reims-4;CHAR;7
DEPCOMCAN;Fraction cantonale;5145415;Reims-5;CHAR;7
DEPCOMCAN;Fraction cantonale;5145416;Reims-6;CHAR;7
DEPCOMCAN;Fraction cantonale;5145417;Reims-7;CHAR;7
DEPCOMCAN;Fraction cantonale;5145418;Reims-8;CHAR;7
DEPCOMCAN;Fraction cantonale;5145419;Reims-9;CHAR;7
DEPCOMCAN;Fraction cantonale;5212105;Chaumont-1;CHAR;7
DEPCOMCAN;Fraction cantonale;5212106;Chaumont-2;CHAR;7
DEPCOMCAN;Fraction cantonale;5212107;Chaumont-3;CHAR;7
DEPCOMCAN;Fraction cantonale;5244813;Saint-Dizier-1;CHAR;7
DEPCOMCAN;Fraction cantonale;5244814;Saint-Dizier-2;CHAR;7
DEPCOMCAN;Fraction cantonale;5244815;Saint-Dizier-3;CHAR;7
DEPCOMCAN;Fraction cantonale;5306201;Azé;CHAR;7
DEPCOMCAN;Fraction cantonale;5306203;Château-Gontier;CHAR;7
DEPCOMCAN;Fraction cantonale;5313010;Laval-1;CHAR;7
DEPCOMCAN;Fraction cantonale;5313011;Laval-2;CHAR;7
DEPCOMCAN;Fraction cantonale;5313012;Laval-3;CHAR;7
DEPCOMCAN;Fraction cantonale;5316106;Évron;CHAR;7
DEPCOMCAN;Fraction cantonale;5316115;Meslay-du-Maine;CHAR;7
DEPCOMCAN;Fraction cantonale;5432908;Lunéville-1;CHAR;7
DEPCOMCAN;Fraction cantonale;5432909;Lunéville-2;CHAR;7
DEPCOMCAN;Fraction cantonale;5439512;Nancy-1;CHAR;7
DEPCOMCAN;Fraction cantonale;5439513;Nancy-2;CHAR;7
DEPCOMCAN;Fraction cantonale;5439514;Nancy-3;CHAR;7
DEPCOMCAN;Fraction cantonale;5502902;Bar-le-Duc-1;CHAR;7
DEPCOMCAN;Fraction cantonale;5502903;Bar-le-Duc-2;CHAR;7
DEPCOMCAN;Fraction cantonale;5554516;Verdun-1;CHAR;7
DEPCOMCAN;Fraction cantonale;5554517;Verdun-2;CHAR;7
DEPCOMCAN;Fraction cantonale;5612108;Lorient-1;CHAR;7
DEPCOMCAN;Fraction cantonale;5612109;Lorient-2;CHAR;7
DEPCOMCAN;Fraction cantonale;5619710;Moréac;CHAR;7
DEPCOMCAN;Fraction cantonale;5619713;Ploërmel;CHAR;7
DEPCOMCAN;Fraction cantonale;5626019;Vannes-1;CHAR;7
DEPCOMCAN;Fraction cantonale;5626020;Vannes-2;CHAR;7
DEPCOMCAN;Fraction cantonale;5626021;Vannes-3;CHAR;7
DEPCOMCAN;Fraction cantonale;5746311;Metz-1;CHAR;7
DEPCOMCAN;Fraction cantonale;5746312;Metz-2;CHAR;7
DEPCOMCAN;Fraction cantonale;5746313;Metz-3;CHAR;7
DEPCOMCAN;Fraction cantonale;5767226;Thionville;CHAR;7
DEPCOMCAN;Fraction cantonale;5767227;Yutz;CHAR;7
DEPCOMCAN;Fraction cantonale;5819411;Nevers-1;CHAR;7
DEPCOMCAN;Fraction cantonale;5819412;Nevers-2;CHAR;7
DEPCOMCAN;Fraction cantonale;5819413;Nevers-3;CHAR;7
DEPCOMCAN;Fraction cantonale;5819414;Nevers-4;CHAR;7
DEPCOMCAN;Fraction cantonale;5918316;Dunkerque-1;CHAR;7
DEPCOMCAN;Fraction cantonale;5918317;Dunkerque-2;CHAR;7
DEPCOMCAN;Fraction cantonale;5918320;Grande-Synthe;CHAR;7
DEPCOMCAN;Fraction cantonale;5935023;Lille-1;CHAR;7
DEPCOMCAN;Fraction cantonale;5935024;Lille-2;CHAR;7
DEPCOMCAN;Fraction cantonale;5935025;Lille-3;CHAR;7
DEPCOMCAN;Fraction cantonale;5935026;Lille-4;CHAR;7
DEPCOMCAN;Fraction cantonale;5935027;Lille-5;CHAR;7
DEPCOMCAN;Fraction cantonale;5935028;Lille-6;CHAR;7
DEPCOMCAN;Fraction cantonale;5951232;Roubaix-1;CHAR;7
DEPCOMCAN;Fraction cantonale;5951233;Roubaix-2;CHAR;7
DEPCOMCAN;Fraction cantonale;5959937;Tourcoing-1;CHAR;7
DEPCOMCAN;Fraction cantonale;5959938;Tourcoing-2;CHAR;7
DEPCOMCAN;Fraction cantonale;6005701;Beauvais-1;CHAR;7
DEPCOMCAN;Fraction cantonale;6005702;Beauvais-2;CHAR;7
DEPCOMCAN;Fraction cantonale;6015906;Compiègne-1;CHAR;7
DEPCOMCAN;Fraction cantonale;6015907;Compiègne-2;CHAR;7
DEPCOMCAN;Fraction cantonale;6100102;Alençon-1;CHAR;7
DEPCOMCAN;Fraction cantonale;6100103;Alençon-2;CHAR;7
DEPCOMCAN;Fraction cantonale;6100604;Argentan-1;CHAR;7
DEPCOMCAN;Fraction cantonale;6100605;Argentan-2;CHAR;7
DEPCOMCAN;Fraction cantonale;6148307;Bagnoles-de-l'Orne;CHAR;7
DEPCOMCAN;Fraction cantonale;6148312;La Ferté-Macé;CHAR;7
DEPCOMCAN;Fraction cantonale;6115304;Argentan-1;CHAR;7
DEPCOMCAN;Fraction cantonale;6115315;Magny-le-Désert;CHAR;7
DEPCOMCAN;Fraction cantonale;6116812;La Ferté-Macé;CHAR;7
DEPCOMCAN;Fraction cantonale;6116815;Magny-le-Désert;CHAR;7
DEPCOMCAN;Fraction cantonale;6116913;Flers-1;CHAR;7
DEPCOMCAN;Fraction cantonale;6116914;Flers-2;CHAR;7
DEPCOMCAN;Fraction cantonale;6204102;Arras-1;CHAR;7
DEPCOMCAN;Fraction cantonale;6204103;Arras-2;CHAR;7
DEPCOMCAN;Fraction cantonale;6204104;Arras-3;CHAR;7
DEPCOMCAN;Fraction cantonale;6216013;Boulogne-sur-Mer-1;CHAR;7
DEPCOMCAN;Fraction cantonale;6216014;Boulogne-sur-Mer-2;CHAR;7
DEPCOMCAN;Fraction cantonale;6219318;Calais-1;CHAR;7
DEPCOMCAN;Fraction cantonale;6219319;Calais-2;CHAR;7
DEPCOMCAN;Fraction cantonale;6219320;Calais-3;CHAR;7
DEPCOMCAN;Fraction cantonale;6242727;Hénin-Beaumont-1;CHAR;7
DEPCOMCAN;Fraction cantonale;6242728;Hénin-Beaumont-2;CHAR;7
DEPCOMCAN;Fraction cantonale;6311310;Clermont-Ferrand-1;CHAR;7
DEPCOMCAN;Fraction cantonale;6311311;Clermont-Ferrand-2;CHAR;7
DEPCOMCAN;Fraction cantonale;6311312;Clermont-Ferrand-3;CHAR;7
DEPCOMCAN;Fraction cantonale;6311313;Clermont-Ferrand-4;CHAR;7
DEPCOMCAN;Fraction cantonale;6311314;Clermont-Ferrand-5;CHAR;7
DEPCOMCAN;Fraction cantonale;6311315;Clermont-Ferrand-6;CHAR;7
DEPCOMCAN;Fraction cantonale;6322605;Billom;CHAR;7
DEPCOMCAN;Fraction cantonale;6322624;Pont-du-Château;CHAR;7
DEPCOMCAN;Fraction cantonale;6402401;Anglet;CHAR;7
DEPCOMCAN;Fraction cantonale;6402404;Bayonne-1;CHAR;7
DEPCOMCAN;Fraction cantonale;6410204;Bayonne-1;CHAR;7
DEPCOMCAN;Fraction cantonale;6410205;Bayonne-2;CHAR;7
DEPCOMCAN;Fraction cantonale;6410206;Bayonne-3;CHAR;7
DEPCOMCAN;Fraction cantonale;6442214;Oloron-Sainte-Marie-1;CHAR;7
DEPCOMCAN;Fraction cantonale;6442215;Oloron-Sainte-Marie-2;CHAR;7
DEPCOMCAN;Fraction cantonale;6444518;Pau-1;CHAR;7
DEPCOMCAN;Fraction cantonale;6444519;Pau-2;CHAR;7
DEPCOMCAN;Fraction cantonale;6444520;Pau-3;CHAR;7
DEPCOMCAN;Fraction cantonale;6444521;Pau-4;CHAR;7
DEPCOMCAN;Fraction cantonale;6528605;Lourdes-1;CHAR;7
DEPCOMCAN;Fraction cantonale;6528606;Lourdes-2;CHAR;7
DEPCOMCAN;Fraction cantonale;6544010;Tarbes-1;CHAR;7
DEPCOMCAN;Fraction cantonale;6544011;Tarbes-2;CHAR;7
DEPCOMCAN;Fraction cantonale;6544012;Tarbes-3;CHAR;7
DEPCOMCAN;Fraction cantonale;6613606;Perpignan-1;CHAR;7
DEPCOMCAN;Fraction cantonale;6613607;Perpignan-2;CHAR;7
DEPCOMCAN;Fraction cantonale;6613608;Perpignan-3;CHAR;7
DEPCOMCAN;Fraction cantonale;6613609;Perpignan-4;CHAR;7
DEPCOMCAN;Fraction cantonale;6613610;Perpignan-5;CHAR;7
DEPCOMCAN;Fraction cantonale;6613611;Perpignan-6;CHAR;7
DEPCOMCAN;Fraction cantonale;6748217;Strasbourg-1;CHAR;7
DEPCOMCAN;Fraction cantonale;6748218;Strasbourg-2;CHAR;7
DEPCOMCAN;Fraction cantonale;6748219;Strasbourg-3;CHAR;7
DEPCOMCAN;Fraction cantonale;6748220;Strasbourg-4;CHAR;7
DEPCOMCAN;Fraction cantonale;6748221;Strasbourg-5;CHAR;7
DEPCOMCAN;Fraction cantonale;6748222;Strasbourg-6;CHAR;7
DEPCOMCAN;Fraction cantonale;6737202;Bouxwiller;CHAR;7
DEPCOMCAN;Fraction cantonale;6737213;Reichshoffen;CHAR;7
DEPCOMCAN;Fraction cantonale;6806604;Colmar-1;CHAR;7
DEPCOMCAN;Fraction cantonale;6806605;Colmar-2;CHAR;7
DEPCOMCAN;Fraction cantonale;6822410;Mulhouse-1;CHAR;7
DEPCOMCAN;Fraction cantonale;6822411;Mulhouse-2;CHAR;7
DEPCOMCAN;Fraction cantonale;6822412;Mulhouse-3;CHAR;7
DEPCOMCAN;Fraction cantonale;6917908;Mornant;CHAR;7
DEPCOMCAN;Fraction cantonale;6917909;Saint-Symphorien-d'Ozon;CHAR;7
DEPCOMCAN;Fraction cantonale;6913503;Belleville;CHAR;7
DEPCOMCAN;Fraction cantonale;6913511;Thizy-les-Bourgs;CHAR;7
DEPCOMCAN;Fraction cantonale;7024508;Luxeuil-les-Bains;CHAR;7
DEPCOMCAN;Fraction cantonale;7024513;Saint-Loup-sur-Semouse;CHAR;7
DEPCOMCAN;Fraction cantonale;7028503;Héricourt-1;CHAR;7
DEPCOMCAN;Fraction cantonale;7028504;Héricourt-2;CHAR;7
DEPCOMCAN;Fraction cantonale;7031006;Lure-1;CHAR;7
DEPCOMCAN;Fraction cantonale;7031007;Lure-2;CHAR;7
DEPCOMCAN;Fraction cantonale;7055015;Vesoul-1;CHAR;7
DEPCOMCAN;Fraction cantonale;7055016;Vesoul-2;CHAR;7
DEPCOMCAN;Fraction cantonale;7101401;Autun-1;CHAR;7
DEPCOMCAN;Fraction cantonale;7101402;Autun-2;CHAR;7
DEPCOMCAN;Fraction cantonale;7107605;Chalon-sur-Saône-1;CHAR;7
DEPCOMCAN;Fraction cantonale;7107606;Chalon-sur-Saône-2;CHAR;7
DEPCOMCAN;Fraction cantonale;7107607;Chalon-sur-Saône-3;CHAR;7
DEPCOMCAN;Fraction cantonale;7115312;Le Creusot-1;CHAR;7
DEPCOMCAN;Fraction cantonale;7115313;Le Creusot-2;CHAR;7
DEPCOMCAN;Fraction cantonale;7127021;Mâcon-1;CHAR;7
DEPCOMCAN;Fraction cantonale;7127022;Mâcon-2;CHAR;7
DEPCOMCAN;Fraction cantonale;7218110;Le Mans-1;CHAR;7
DEPCOMCAN;Fraction cantonale;7218111;Le Mans-2;CHAR;7
DEPCOMCAN;Fraction cantonale;7218112;Le Mans-3;CHAR;7
DEPCOMCAN;Fraction cantonale;7218113;Le Mans-4;CHAR;7
DEPCOMCAN;Fraction cantonale;7218114;Le Mans-5;CHAR;7
DEPCOMCAN;Fraction cantonale;7218115;Le Mans-6;CHAR;7
DEPCOMCAN;Fraction cantonale;7218116;Le Mans-7;CHAR;7
DEPCOMCAN;Fraction cantonale;7300801;Aix-les-Bains-1;CHAR;7
DEPCOMCAN;Fraction cantonale;7300802;Aix-les-Bains-2;CHAR;7
DEPCOMCAN;Fraction cantonale;7301103;Albertville-1;CHAR;7
DEPCOMCAN;Fraction cantonale;7301104;Albertville-2;CHAR;7
DEPCOMCAN;Fraction cantonale;7306507;Chambéry-1;CHAR;7
DEPCOMCAN;Fraction cantonale;7306508;Chambéry-2;CHAR;7
DEPCOMCAN;Fraction cantonale;7306509;Chambéry-3;CHAR;7
DEPCOMCAN;Fraction cantonale;7401001;Annecy-1;CHAR;7
DEPCOMCAN;Fraction cantonale;7401002;Annecy-2;CHAR;7
DEPCOMCAN;Fraction cantonale;7401003;Annecy-le-Vieux;CHAR;7
DEPCOMCAN;Fraction cantonale;7401016;Seynod;CHAR;7
DEPCOMCAN;Fraction cantonale;7421205;Bonneville;CHAR;7
DEPCOMCAN;Fraction cantonale;7421208;Faverges;CHAR;7
DEPCOMCAN;Fraction cantonale;7621707;Dieppe-1;CHAR;7
DEPCOMCAN;Fraction cantonale;7621708;Dieppe-2;CHAR;7
DEPCOMCAN;Fraction cantonale;7635114;Le Havre-1;CHAR;7
DEPCOMCAN;Fraction cantonale;7635115;Le Havre-2;CHAR;7
DEPCOMCAN;Fraction cantonale;7635116;Le Havre-3;CHAR;7
DEPCOMCAN;Fraction cantonale;7635117;Le Havre-4;CHAR;7
DEPCOMCAN;Fraction cantonale;7635118;Le Havre-5;CHAR;7
DEPCOMCAN;Fraction cantonale;7635119;Le Havre-6;CHAR;7
DEPCOMCAN;Fraction cantonale;7654028;Rouen-1;CHAR;7
DEPCOMCAN;Fraction cantonale;7654029;Rouen-2;CHAR;7
DEPCOMCAN;Fraction cantonale;7654030;Rouen-3;CHAR;7
DEPCOMCAN;Fraction cantonale;7657531;Saint-Étienne-du-Rouvray;CHAR;7
DEPCOMCAN;Fraction cantonale;7657534;Sotteville-lès-Rouen;CHAR;7
DEPCOMCAN;Fraction cantonale;7668127;Le Petit-Quevilly;CHAR;7
DEPCOMCAN;Fraction cantonale;7668134;Sotteville-lès-Rouen;CHAR;7
DEPCOMCAN;Fraction cantonale;7603420;Luneray;CHAR;7
DEPCOMCAN;Fraction cantonale;7603423;Neufchâtel-en-Bray;CHAR;7
DEPCOMCAN;Fraction cantonale;7864620;Versailles-1;CHAR;7
DEPCOMCAN;Fraction cantonale;7864621;Versailles-2;CHAR;7
DEPCOMCAN;Fraction cantonale;7901302;Bressuire;CHAR;7
DEPCOMCAN;Fraction cantonale;7901307;Mauléon;CHAR;7
DEPCOMCAN;Fraction cantonale;7919110;Niort-1;CHAR;7
DEPCOMCAN;Fraction cantonale;7919111;Niort-2;CHAR;7
DEPCOMCAN;Fraction cantonale;7919112;Niort-3;CHAR;7
DEPCOMCAN;Fraction cantonale;8000101;Abbeville-1;CHAR;7
DEPCOMCAN;Fraction cantonale;8000102;Abbeville-2;CHAR;7
DEPCOMCAN;Fraction cantonale;8002106;Amiens-1;CHAR;7
DEPCOMCAN;Fraction cantonale;8002107;Amiens-2;CHAR;7
DEPCOMCAN;Fraction cantonale;8002108;Amiens-3;CHAR;7
DEPCOMCAN;Fraction cantonale;8002109;Amiens-4;CHAR;7
DEPCOMCAN;Fraction cantonale;8002110;Amiens-5;CHAR;7
DEPCOMCAN;Fraction cantonale;8002111;Amiens-6;CHAR;7
DEPCOMCAN;Fraction cantonale;8002112;Amiens-7;CHAR;7
DEPCOMCAN;Fraction cantonale;8062519;Moreuil;CHAR;7
DEPCOMCAN;Fraction cantonale;8062522;Roye;CHAR;7
DEPCOMCAN;Fraction cantonale;8100401;Albi-1;CHAR;7
DEPCOMCAN;Fraction cantonale;8100402;Albi-2;CHAR;7
DEPCOMCAN;Fraction cantonale;8100403;Albi-3;CHAR;7
DEPCOMCAN;Fraction cantonale;8100404;Albi-4;CHAR;7
DEPCOMCAN;Fraction cantonale;8106005;Carmaux-1 Le Ségala;CHAR;7
DEPCOMCAN;Fraction cantonale;8106006;Carmaux-2 Vallée du Cérou;CHAR;7
DEPCOMCAN;Fraction cantonale;8106507;Castres-1;CHAR;7
DEPCOMCAN;Fraction cantonale;8106508;Castres-2;CHAR;7
DEPCOMCAN;Fraction cantonale;8106509;Castres-3;CHAR;7
DEPCOMCAN;Fraction cantonale;8116316;Mazamet-1;CHAR;7
DEPCOMCAN;Fraction cantonale;8116317;Mazamet-2 Vallée du Thoré;CHAR;7
DEPCOMCAN;Fraction cantonale;8121802;Albi-2;CHAR;7
DEPCOMCAN;Fraction cantonale;8121822;Saint-Juéry;CHAR;7
DEPCOMCAN;Fraction cantonale;8212106;Montauban-1;CHAR;7
DEPCOMCAN;Fraction cantonale;8212107;Montauban-2;CHAR;7
DEPCOMCAN;Fraction cantonale;8212108;Montauban-3;CHAR;7
DEPCOMCAN;Fraction cantonale;8306105;Fréjus;CHAR;7
DEPCOMCAN;Fraction cantonale;8306114;Saint-Raphaël;CHAR;7
DEPCOMCAN;Fraction cantonale;8306902;La Crau;CHAR;7
DEPCOMCAN;Fraction cantonale;8306908;Hyères;CHAR;7
DEPCOMCAN;Fraction cantonale;8312616;La Seyne-sur-Mer-1;CHAR;7
DEPCOMCAN;Fraction cantonale;8312617;La Seyne-sur-Mer-2;CHAR;7
DEPCOMCAN;Fraction cantonale;8313719;Toulon-1;CHAR;7
DEPCOMCAN;Fraction cantonale;8313720;Toulon-2;CHAR;7
DEPCOMCAN;Fraction cantonale;8313721;Toulon-3;CHAR;7
DEPCOMCAN;Fraction cantonale;8313722;Toulon-4;CHAR;7
DEPCOMCAN;Fraction cantonale;8400702;Avignon-1;CHAR;7
DEPCOMCAN;Fraction cantonale;8400703;Avignon-2;CHAR;7
DEPCOMCAN;Fraction cantonale;8400704;Avignon-3;CHAR;7
DEPCOMCAN;Fraction cantonale;8519112;La Roche-sur-Yon-1;CHAR;7
DEPCOMCAN;Fraction cantonale;8519113;La Roche-sur-Yon-2;CHAR;7
DEPCOMCAN;Fraction cantonale;8605311;Migné-Auxances;CHAR;7
DEPCOMCAN;Fraction cantonale;8605319;Vouneuil-sous-Biard;CHAR;7
DEPCOMCAN;Fraction cantonale;8606602;Châtellerault-1;CHAR;7
DEPCOMCAN;Fraction cantonale;8606603;Châtellerault-2;CHAR;7
DEPCOMCAN;Fraction cantonale;8606604;Châtellerault-3;CHAR;7
DEPCOMCAN;Fraction cantonale;8619413;Poitiers-1;CHAR;7
DEPCOMCAN;Fraction cantonale;8619414;Poitiers-2;CHAR;7
DEPCOMCAN;Fraction cantonale;8619415;Poitiers-3;CHAR;7
DEPCOMCAN;Fraction cantonale;8619416;Poitiers-4;CHAR;7
DEPCOMCAN;Fraction cantonale;8619417;Poitiers-5;CHAR;7
DEPCOMCAN;Fraction cantonale;8628107;Jaunay-Clan;CHAR;7
DEPCOMCAN;Fraction cantonale;8628111;Migné-Auxances;CHAR;7
DEPCOMCAN;Fraction cantonale;8708508;Limoges-1;CHAR;7
DEPCOMCAN;Fraction cantonale;8708509;Limoges-2;CHAR;7
DEPCOMCAN;Fraction cantonale;8708510;Limoges-3;CHAR;7
DEPCOMCAN;Fraction cantonale;8708511;Limoges-4;CHAR;7
DEPCOMCAN;Fraction cantonale;8708512;Limoges-5;CHAR;7
DEPCOMCAN;Fraction cantonale;8708513;Limoges-6;CHAR;7
DEPCOMCAN;Fraction cantonale;8708514;Limoges-7;CHAR;7
DEPCOMCAN;Fraction cantonale;8708515;Limoges-8;CHAR;7
DEPCOMCAN;Fraction cantonale;8708516;Limoges-9;CHAR;7
DEPCOMCAN;Fraction cantonale;8712802;Ambazac;CHAR;7
DEPCOMCAN;Fraction cantonale;8712803;Bellac;CHAR;7
DEPCOMCAN;Fraction cantonale;8702803;Bellac;CHAR;7
DEPCOMCAN;Fraction cantonale;8702804;Châteauponsac;CHAR;7
DEPCOMCAN;Fraction cantonale;8816005;Épinal-1;CHAR;7
DEPCOMCAN;Fraction cantonale;8816006;Épinal-2;CHAR;7
DEPCOMCAN;Fraction cantonale;8841313;Saint-Dié-des-Vosges-1;CHAR;7
DEPCOMCAN;Fraction cantonale;8841314;Saint-Dié-des-Vosges-2;CHAR;7
DEPCOMCAN;Fraction cantonale;8902401;Auxerre-1;CHAR;7
DEPCOMCAN;Fraction cantonale;8902402;Auxerre-2;CHAR;7
DEPCOMCAN;Fraction cantonale;8902403;Auxerre-3;CHAR;7
DEPCOMCAN;Fraction cantonale;8902404;Auxerre-4;CHAR;7
DEPCOMCAN;Fraction cantonale;8938716;Sens-1;CHAR;7
DEPCOMCAN;Fraction cantonale;8938717;Sens-2;CHAR;7
DEPCOMCAN;Fraction cantonale;9001002;Belfort-1;CHAR;7
DEPCOMCAN;Fraction cantonale;9001003;Belfort-2;CHAR;7
DEPCOMCAN;Fraction cantonale;9001004;Belfort-3;CHAR;7
DEPCOMCAN;Fraction cantonale;9111407;Épinay-sous-Sénart;CHAR;7
DEPCOMCAN;Fraction cantonale;9111421;Yerres;CHAR;7
DEPCOMCAN;Fraction cantonale;9142106;Draveil;CHAR;7
DEPCOMCAN;Fraction cantonale;9142119;Vigneux-sur-Seine;CHAR;7
DEPCOMCAN;Fraction cantonale;9200402;Asnières-sur-Seine;CHAR;7
DEPCOMCAN;Fraction cantonale;9200412;Courbevoie-1;CHAR;7
DEPCOMCAN;Fraction cantonale;9201204;Boulogne-Billancourt-1;CHAR;7
DEPCOMCAN;Fraction cantonale;9201205;Boulogne-Billancourt-2;CHAR;7
DEPCOMCAN;Fraction cantonale;9202510;Colombes-1;CHAR;7
DEPCOMCAN;Fraction cantonale;9202511;Colombes-2;CHAR;7
DEPCOMCAN;Fraction cantonale;9202612;Courbevoie-1;CHAR;7
DEPCOMCAN;Fraction cantonale;9202613;Courbevoie-2;CHAR;7
DEPCOMCAN;Fraction cantonale;9205019;Nanterre-1;CHAR;7
DEPCOMCAN;Fraction cantonale;9205020;Nanterre-2;CHAR;7
DEPCOMCAN;Fraction cantonale;9300805;Bobigny;CHAR;7
DEPCOMCAN;Fraction cantonale;9300806;Bondy;CHAR;7
DEPCOMCAN;Fraction cantonale;9302904;Le Blanc-Mesnil;CHAR;7
DEPCOMCAN;Fraction cantonale;9302908;Drancy;CHAR;7
DEPCOMCAN;Fraction cantonale;9303109;Épinay-sur-Seine;CHAR;7
DEPCOMCAN;Fraction cantonale;9303118;Saint-Ouen;CHAR;7
DEPCOMCAN;Fraction cantonale;9304812;Montreuil-1;CHAR;7
DEPCOMCAN;Fraction cantonale;9304813;Montreuil-2;CHAR;7
DEPCOMCAN;Fraction cantonale;9306616;Saint-Denis-1;CHAR;7
DEPCOMCAN;Fraction cantonale;9306617;Saint-Denis-2;CHAR;7
DEPCOMCAN;Fraction cantonale;9401703;Champigny-sur-Marne-1;CHAR;7
DEPCOMCAN;Fraction cantonale;9401704;Champigny-sur-Marne-2;CHAR;7
DEPCOMCAN;Fraction cantonale;9402807;Créteil-1;CHAR;7
DEPCOMCAN;Fraction cantonale;9402808;Créteil-2;CHAR;7
DEPCOMCAN;Fraction cantonale;9405205;Charenton-le-Pont;CHAR;7
DEPCOMCAN;Fraction cantonale;9405214;Nogent-sur-Marne;CHAR;7
DEPCOMCAN;Fraction cantonale;9406817;Saint-Maur-des-Fossés-1;CHAR;7
DEPCOMCAN;Fraction cantonale;9406818;Saint-Maur-des-Fossés-2;CHAR;7
DEPCOMCAN;Fraction cantonale;9407806;Choisy-le-Roi;CHAR;7
DEPCOMCAN;Fraction cantonale;9407821;Villeneuve-Saint-Georges;CHAR;7
DEPCOMCAN;Fraction cantonale;9408009;Fontenay-sous-Bois;CHAR;7
DEPCOMCAN;Fraction cantonale;9408023;Vincennes;CHAR;7
DEPCOMCAN;Fraction cantonale;9408124;Vitry-sur-Seine-1;CHAR;7
DEPCOMCAN;Fraction cantonale;9408125;Vitry-sur-Seine-2;CHAR;7
DEPCOMCAN;Fraction cantonale;9501801;Argenteuil-1;CHAR;7
DEPCOMCAN;Fraction cantonale;9501802;Argenteuil-2;CHAR;7
DEPCOMCAN;Fraction cantonale;9501803;Argenteuil-3;CHAR;7
DEPCOMCAN;Fraction cantonale;9512704;Cergy-1;CHAR;7
DEPCOMCAN;Fraction cantonale;9512705;Cergy-2;CHAR;7
PMUN;Population municipale;;;NUM;8
PCAP;Population comptée à part;;;NUM;8
PTOT;Population totale;;;NUM;8
